Player,Nation,Pos,Squad,Age,Born,MP,Starts,Min,90s,GA,GA90,SoTA,Saves,Save%,W,D,L,CS,CS%,PKatt,PKA,PKsv,PKm,Save%_pk,season
Alisson,br BRA,GK,Liverpool,28,1992,36,36,3240,36,24,0.67,99,76,75.8,27,7,2,20,55.6,0,0,0,0,,21/22
Alphonse Areola,fr FRA,GK,West Ham,28,1993,1,1,90,1,1,1,3,2,66.7,0,0,1,0,0,0,0,0,0,,21/22
Kepa Arrizabalaga,es ESP,GK,Chelsea,26,1994,4,4,360,4,2,0.5,13,11,84.6,2,1,1,2,50,0,0,0,0,,21/22
Daniel Bachmann,at AUT,GK,Watford,27,1994,12,12,1080,12,28,2.33,72,46,65.3,1,0,11,0,0,3,3,0,0,0,21/22
Asmir Begović,ba BIH,GK,Everton,34,1987,3,3,270,3,8,2.67,18,11,61.1,1,0,2,1,33.3,1,1,0,0,0,21/22
Jack Butland,eng ENG,GK,Crystal Palace,28,1993,9,8,765,8.5,13,1.53,28,16,53.6,2,4,2,1,12.5,1,0,1,0,100,21/22
Willy Caballero,ar ARG,GK,Southampton,39,1981,2,2,180,2,5,2.5,11,6,54.5,0,1,1,0,0,0,0,0,0,,21/22
Karl Darlow,eng ENG,GK,Newcastle Utd,30,1990,8,8,720,8,15,1.87,37,23,64.9,0,5,3,0,0,2,2,0,0,0,21/22
Martin Dúbravka,sk SVK,GK,Newcastle Utd,32,1989,26,26,2340,26,35,1.35,106,72,67.9,13,4,9,8,30.8,1,1,0,0,0,21/22
Ederson,br BRA,GK,Manchester City,27,1993,37,37,3330,37,26,0.7,83,57,69.9,28,6,3,20,54.1,1,1,0,0,0,21/22
Łukasz Fabiański,pl POL,GK,West Ham,36,1985,37,37,3330,37,50,1.35,162,111,70.4,16,8,13,8,21.6,6,2,3,1,60,21/22
Álvaro Fernández,es ESP,GK,Brentford,23,1998,12,12,1080,12,24,2,69,47,66.7,3,2,7,1,8.3,1,1,0,0,0,21/22
Fraser Forster,eng ENG,GK,Southampton,33,1988,19,19,1710,19,35,1.84,101,68,67.3,6,5,8,3,15.8,2,2,0,0,0,21/22
Ben Foster,eng ENG,GK,Watford,38,1983,26,26,2340,26,49,1.88,116,67,60.3,5,5,16,4,15.4,4,3,1,0,25,21/22
David de Gea,es ESP,GK,Manchester Utd,30,1990,38,38,3420,38,57,1.5,180,124,70,16,10,12,8,21.1,5,3,2,0,40,21/22
Vicente Guaita,es ESP,GK,Crystal Palace,34,1987,30,30,2655,29.5,33,1.12,116,83,74.1,9,11,10,11,36.7,3,3,0,0,0,21/22
Angus Gunn,sct SCO,GK,Norwich City,25,1996,9,9,810,9,22,2.44,57,34,64.9,1,2,6,1,11.1,4,2,1,1,33.3,21/22
Wayne Hennessey,wls WAL,GK,Burnley,34,1987,2,2,180,2,6,3,13,8,53.8,0,0,2,0,0,0,0,0,0,,21/22
Caoimhín Kelleher,ie IRL,GK,Liverpool,22,1998,2,2,180,2,2,1,8,6,75,1,1,0,1,50,0,0,0,0,,21/22
Kristoffer Klaesson,no NOR,GK,Leeds United,20,2000,1,0,36,0.4,0,0,4,4,100,0,0,0,0,,0,0,0,0,,21/22
Tim Krul,nl NED,GK,Norwich City,33,1988,29,29,2610,29,62,2.14,165,105,66.7,4,5,20,5,17.2,8,7,0,1,0,21/22
Bernd Leno,de GER,GK,Arsenal,29,1992,4,4,360,4,9,2.25,19,10,52.6,1,0,3,1,25,0,0,0,0,,21/22
Hugo Lloris,fr FRA,GK,Tottenham,34,1986,38,38,3420,38,40,1.05,137,98,72.3,22,5,11,16,42.1,2,2,0,0,0,21/22
Jonas Lössl,dk DEN,GK,Brentford,32,1989,2,2,180,2,5,2.5,7,2,28.6,0,0,2,0,0,0,0,0,0,,21/22
Emiliano Martínez,ar ARG,GK,Aston Villa,28,1992,36,36,3240,36,48,1.33,140,93,68.6,13,6,17,11,30.6,6,4,1,1,20,21/22
Alex McCarthy,eng ENG,GK,Southampton,31,1989,17,17,1530,17,27,1.59,71,44,62,3,7,7,5,29.4,0,0,0,0,,21/22
Edouard Mendy,sn SEN,GK,Chelsea,29,1992,34,34,3060,34,31,0.91,102,72,75.5,19,10,5,14,41.2,6,6,0,0,0,21/22
Illan Meslier,fr FRA,GK,Leeds United,21,2000,38,38,3384,37.6,79,2.1,220,142,66.4,9,11,18,5,13.2,5,5,0,0,0,21/22
Robin Olsen,se SWE,GK,Aston Villa,31,1990,1,1,90,1,3,3,5,2,40,0,0,1,0,0,0,0,0,0,,21/22
Jordan Pickford,eng ENG,GK,Everton,27,1994,35,35,3150,35,58,1.66,170,116,66.5,10,6,19,7,20,1,1,0,0,0,21/22
Nick Pope,eng ENG,GK,Burnley,29,1992,36,36,3240,36,47,1.31,165,119,74.5,7,14,15,9,25,5,5,0,0,0,21/22
Aaron Ramsdale,eng ENG,GK,Arsenal,23,1998,34,34,3060,34,39,1.15,128,90,73.4,21,3,10,12,35.3,6,5,0,1,0,21/22
David Raya,es ESP,GK,Brentford,25,1995,24,24,2160,24,27,1.13,103,76,77.7,10,5,9,8,33.3,4,4,0,0,0,21/22
John Ruddy,eng ENG,GK,Wolves,34,1986,2,1,135,1.5,3,2,7,4,57.1,0,1,0,0,0,0,0,0,0,,21/22
José Sá,pt POR,GK,Wolves,28,1993,37,37,3285,36.5,40,1.1,160,121,80.6,15,5,17,11,29.7,10,9,0,1,0,21/22
Robert Sánchez,es ESP,GK,Brighton,23,1997,37,37,3329,37,42,1.14,141,99,72.3,12,15,10,11,29.7,4,3,0,1,0,21/22
Kasper Schmeichel,dk DEN,GK,Leicester City,34,1986,37,37,3330,37,58,1.57,187,128,72.7,13,10,14,7,18.9,9,7,2,0,22.2,21/22
Jason Steele,eng ENG,GK,Brighton,30,1990,1,1,90,1,2,2,5,3,60,0,0,1,0,0,0,0,0,0,,21/22
Jed Steer,eng ENG,GK,Aston Villa,28,1992,1,1,90,1,3,3,4,1,25,0,0,1,0,0,0,0,0,0,,21/22
Zack Steffen,us USA,GK,Manchester City,26,1995,1,1,90,1,0,0,2,2,100,1,0,0,1,100,0,0,0,0,,21/22
Danny Ward,wls WAL,GK,Leicester City,28,1993,1,1,90,1,1,1,5,4,80,1,0,0,0,0,0,0,0,0,,21/22
Freddie Woodman,eng ENG,GK,Newcastle Utd,24,1997,4,4,360,4,12,3,22,9,54.5,0,1,3,0,0,3,2,1,0,33.3,21/22
Adrián,es ESP,GK,Liverpool,33,1987,3,3,270,3,9,3,18,9,50,1,1,1,1,33.3,0,0,0,0,,20/21
Rúnar Alex Rúnarsson,is ISL,GK,Arsenal,25,1995,1,0,16,0.2,0,0,2,2,100,0,0,0,0,,0,0,0,0,,20/21
Alisson,br BRA,GK,Liverpool,27,1992,33,33,2970,33,32,0.97,115,82,75.7,18,8,7,10,30.3,8,4,1,3,20,20/21
Alphonse Areola,fr FRA,GK,Fulham,27,1993,36,36,3240,36,48,1.33,161,114,73.9,5,13,18,9,25,6,6,0,0,0,20/21
Kepa Arrizabalaga,es ESP,GK,Chelsea,25,1994,7,6,585,6.5,8,1.23,23,15,69.6,2,2,2,2,33.3,1,1,0,0,0,20/21
Jack Butland,eng ENG,GK,Crystal Palace,27,1993,1,1,90,1,2,2,5,3,60,1,0,0,0,0,0,0,0,0,,20/21
David Button,eng ENG,GK,West Brom,31,1989,1,1,90,1,2,2,6,4,66.7,1,0,0,0,0,0,0,0,0,,20/21
Willy Caballero,ar ARG,GK,Chelsea,38,1981,1,1,90,1,3,3,3,0,0,0,1,0,0,0,0,0,0,0,,20/21
Scott Carson,eng ENG,GK,Manchester City,34,1985,1,1,90,1,3,3,5,1,60,1,0,0,0,0,2,1,1,0,50,20/21
Kiko Casilla,es ESP,GK,Leeds United,33,1986,3,3,270,3,2,0.67,10,8,80,2,0,1,1,33.3,0,0,0,0,,20/21
Karl Darlow,eng ENG,GK,Newcastle Utd,29,1990,25,25,2250,25,43,1.72,126,84,68.3,7,4,14,4,16,4,3,1,0,25,20/21
Martin Dúbravka,sk SVK,GK,Newcastle Utd,31,1989,13,13,1170,13,19,1.46,62,44,71,5,5,3,3,23.1,1,1,0,0,0,20/21
Ederson,br BRA,GK,Manchester City,26,1993,36,36,3240,36,28,0.78,93,65,77.4,25,5,6,19,52.8,8,7,1,0,12.5,20/21
Łukasz Fabiański,pl POL,GK,West Ham,35,1985,35,35,3150,35,44,1.26,138,97,70.3,17,8,10,10,28.6,5,3,1,1,25,20/21
Fraser Forster,eng ENG,GK,Southampton,32,1988,8,8,720,8,11,1.37,31,19,71,4,0,4,2,25,3,2,1,0,33.3,20/21
David de Gea,es ESP,GK,Manchester Utd,29,1990,26,26,2295,25.5,32,1.25,90,59,68.9,12,9,5,9,34.6,4,4,0,0,0,20/21
Vicente Guaita,es ESP,GK,Crystal Palace,33,1987,37,37,3330,37,64,1.73,169,104,63.9,11,8,18,8,21.6,4,3,1,0,25,20/21
Dean Henderson,eng ENG,GK,Manchester Utd,23,1997,13,12,1125,12.5,12,0.96,51,39,76.5,9,2,1,4,33.3,0,0,0,0,,20/21
Sam Johnstone,eng ENG,GK,West Brom,27,1993,37,37,3330,37,74,2,234,162,71.4,4,11,22,6,16.2,11,7,1,3,12.5,20/21
Caoimhín Kelleher,ie IRL,GK,Liverpool,21,1998,2,2,180,2,1,0.5,7,6,85.7,1,0,1,1,50,0,0,0,0,,20/21
Bernd Leno,de GER,GK,Arsenal,28,1992,35,35,3131,34.8,37,1.06,117,83,69.2,17,6,12,11,31.4,2,1,1,0,50,20/21
Hugo Lloris,fr FRA,GK,Tottenham,33,1986,38,38,3420,38,45,1.18,155,113,77.4,18,8,12,12,31.6,10,10,0,0,0,20/21
Emiliano Martínez,ar ARG,GK,Aston Villa,27,1992,38,38,3420,38,46,1.21,186,133,78,16,7,15,15,39.5,6,5,1,0,16.7,20/21
Alex McCarthy,eng ENG,GK,Southampton,30,1989,30,30,2700,30,57,1.9,147,91,65.3,8,7,15,7,23.3,6,6,0,0,0,20/21
Edouard Mendy,sn SEN,GK,Chelsea,28,1992,31,31,2745,30.5,25,0.82,81,56,71.6,17,7,7,16,51.6,3,2,1,0,33.3,20/21
Illan Meslier,fr FRA,GK,Leeds United,20,2000,35,35,3150,35,52,1.49,188,137,76.6,16,5,14,11,31.4,9,8,1,0,11.1,20/21
Will Norris,eng ENG,GK,Burnley,26,1993,2,2,180,2,4,2,6,2,33.3,0,0,2,0,0,0,0,0,0,,20/21
Robin Olsen,se SWE,GK,Everton,30,1990,7,7,630,7,9,1.29,30,21,73.3,2,3,2,2,28.6,1,1,0,0,0,20/21
Rui Patrício,pt POR,GK,Wolves,32,1988,37,37,3329,37,51,1.38,148,99,70.3,12,9,16,10,27,8,7,1,0,12.5,20/21
Bailey Peacock-Farrell,nir NIR,GK,Burnley,23,1996,4,4,360,4,14,3.5,24,10,41.7,0,0,4,0,0,0,0,0,0,,20/21
Jordan Pickford,eng ENG,GK,Everton,26,1994,31,31,2742,30.5,39,1.28,128,90,71.1,15,5,11,10,32.3,3,2,0,1,0,20/21
Nick Pope,eng ENG,GK,Burnley,28,1992,32,32,2880,32,37,1.16,149,113,77.2,10,9,13,11,34.4,3,3,0,0,0,20/21
Aaron Ramsdale,eng ENG,GK,Sheffield Utd,22,1998,38,38,3420,38,63,1.66,206,145,70.9,7,2,29,5,13.2,4,3,0,1,0,20/21
Darren Randolph,ie IRL,GK,West Ham,33,1987,3,3,270,3,3,1,9,6,66.7,2,0,1,1,33.3,0,0,0,0,,20/21
Marek Rodák,sk SVK,GK,Fulham,23,1996,2,2,180,2,5,2.5,9,4,55.6,0,0,2,0,0,1,1,0,0,0,20/21
John Ruddy,eng ENG,GK,Wolves,33,1986,2,1,91,1,1,0.99,4,3,75,0,0,1,0,0,0,0,0,0,,20/21
Mathew Ryan,au AUS,GK,Brighton,28,1992,11,11,990,11,19,1.73,34,16,55.9,2,4,5,2,18.2,4,4,0,0,0,20/21
Mathew Ryan,au AUS,GK,Arsenal,28,1992,3,3,270,3,2,0.67,10,8,90,1,1,1,1,33.3,1,1,0,0,0,20/21
Robert Sánchez,es ESP,GK,Brighton,22,1997,27,27,2430,27,27,1,91,65,72.5,7,10,10,10,37,3,2,0,1,0,20/21
Kasper Schmeichel,dk DEN,GK,Leicester City,33,1986,38,38,3420,38,50,1.32,136,88,66.2,20,6,12,11,28.9,4,4,0,0,0,20/21
Zack Steffen,us USA,GK,Manchester City,25,1995,1,1,90,1,1,1,2,1,50,1,0,0,0,0,0,0,0,0,,20/21
João Virgínia,pt POR,GK,Everton,20,1999,1,0,48,0.5,0,0,3,3,100,0,0,0,0,,0,0,0,0,,20/21
Adrián,es ESP,GK,Liverpool,32,1987,11,9,875,9.7,10,1.03,27,17,63,9,0,0,2,22.2,0,0,0,0,,19/20
Alisson,br BRA,GK,Liverpool,26,1992,29,29,2543,28.3,23,0.81,80,58,72.5,23,3,3,13,44.8,1,1,0,0,0,19/20
Kepa Arrizabalaga,es ESP,GK,Chelsea,24,1994,33,33,2970,33,47,1.42,99,54,54.5,18,4,11,8,24.2,2,2,0,0,0,19/20
Claudio Bravo,cl CHI,GK,Manchester City,36,1983,4,3,347,3.9,7,1.82,15,8,53.3,2,0,1,1,33.3,0,0,0,0,,19/20
Willy Caballero,ar ARG,GK,Chelsea,37,1981,5,5,450,5,7,1.4,16,10,56.3,2,2,1,1,20,0,0,0,0,,19/20
Martin Dúbravka,sk SVK,GK,Newcastle Utd,30,1989,38,38,3420,38,58,1.53,195,139,71.3,11,11,16,11,28.9,2,2,0,0,0,19/20
Ederson,br BRA,GK,Manchester City,25,1993,35,35,3071,34.1,28,0.82,95,68,73.7,24,3,8,16,45.7,3,3,0,0,0,19/20
Łukasz Fabiański,pl POL,GK,West Ham,34,1985,25,25,2117,23.5,34,1.45,104,71,70.2,8,7,10,5,20,4,3,1,0,25,19/20
Ralf Fährmann,de GER,GK,Norwich City,30,1988,1,1,21,0.2,1,4.29,2,1,100,,,1,,,,1,,,,19/20
Ben Foster,eng ENG,GK,Watford,36,1983,38,38,3420,38,64,1.68,178,116,68.5,8,10,20,9,23.7,9,8,1,0,11.1,19/20
Paulo Gazzaniga,ar ARG,GK,Tottenham,27,1992,18,17,1613,17.9,26,1.45,82,56,72,5,5,7,2,11.8,4,3,1,0,25,19/20
David de Gea,es ESP,GK,Manchester Utd,28,1990,38,38,3420,38,36,0.95,131,96,74.8,18,12,8,13,34.2,3,3,0,0,0,19/20
Vicente Guaita,es ESP,GK,Crystal Palace,32,1987,35,35,3150,35,42,1.2,149,109,71.8,11,9,15,10,28.6,1,0,0,1,,19/20
Angus Gunn,sct SCO,GK,Southampton,23,1996,10,10,900,10,25,2.5,55,30,58.2,2,2,6,2,20,2,2,0,0,0,19/20
Tom Heaton,eng ENG,GK,Aston Villa,33,1986,20,20,1794,19.9,35,1.76,102,68,68.6,6,3,11,4,20,3,3,0,0,0,19/20
Dean Henderson,eng ENG,GK,Sheffield Utd,22,1997,36,36,3240,36,33,0.92,128,94,75,14,11,11,13,36.1,3,1,1,1,50,19/20
Wayne Hennessey,wls WAL,GK,Crystal Palace,32,1987,3,3,270,3,8,2.67,23,15,65.2,0,1,2,0,0,0,0,0,0,,19/20
Tim Krul,nl NED,GK,Norwich City,31,1988,36,36,3240,36,68,1.89,195,128,66.7,5,6,25,5,13.9,5,3,2,0,40,19/20
Bernd Leno,de GER,GK,Arsenal,27,1992,30,30,2649,29.4,39,1.33,151,111,78.1,9,13,8,7,23.3,7,6,1,0,14.3,19/20
Hugo Lloris,fr FRA,GK,Tottenham,32,1986,21,21,1807,20.1,21,1.05,99,78,80.8,11,6,4,6,28.6,3,2,1,0,33.3,19/20
David Martin,eng ENG,GK,West Ham,33,1986,5,4,436,4.8,6,1.24,21,15,71.4,2,0,2,2,50,0,0,0,0,,19/20
Emiliano Martínez,ar ARG,GK,Arsenal,26,1992,9,8,771,8.6,9,1.05,42,33,81,5,1,2,3,37.5,1,1,0,0,0,19/20
Alex McCarthy,eng ENG,GK,Southampton,29,1989,28,28,2520,28,35,1.25,113,78,69.9,13,5,10,7,25,2,1,1,0,50,19/20
Michael McGovern,nir NIR,GK,Norwich City,35,1984,2,1,159,1.8,6,3.4,13,6,53.8,0,0,1,0,0,1,0,1,0,100,19/20
Simon Moore,eng ENG,GK,Sheffield Utd,29,1990,2,2,180,2,6,3,11,5,45.5,0,1,1,0,0,0,0,0,0,,19/20
Ørjan Nyland,no NOR,GK,Aston Villa,28,1990,7,5,539,6,12,2,27,15,55.6,0,2,3,1,20,0,0,0,0,,19/20
Rui Patrício,pt POR,GK,Wolves,31,1988,38,38,3420,38,40,1.05,129,88,69.8,15,14,9,13,34.2,3,1,2,0,66.7,19/20
Jordan Pickford,eng ENG,GK,Everton,25,1994,38,38,3420,38,56,1.47,147,94,63.9,13,10,15,9,23.7,4,3,0,1,0,19/20
Nick Pope,eng ENG,GK,Burnley,27,1992,38,38,3420,38,50,1.32,167,117,72.5,15,9,14,15,39.5,5,4,1,0,20,19/20
Aaron Ramsdale,eng ENG,GK,Bournemouth,21,1998,37,37,3330,37,62,1.68,187,124,69.5,9,7,21,5,13.5,6,5,1,0,16.7,19/20
Darren Randolph,ie IRL,GK,West Ham,32,1987,2,2,180,2,5,2.5,11,6,63.6,0,1,1,0,0,1,1,0,0,0,19/20
Pepe Reina,es ESP,GK,Aston Villa,36,1982,12,12,1080,12,20,1.67,53,32,66,3,3,6,2,16.7,3,2,1,0,33.3,19/20
Roberto,es ESP,GK,West Ham,33,1986,8,7,687,7.6,17,2.23,51,35,68.6,0,1,6,0,0,1,1,0,0,0,19/20
Mathew Ryan,au AUS,GK,Brighton,27,1992,38,38,3420,38,54,1.42,168,116,69,9,14,15,9,23.7,2,2,0,0,0,19/20
Kasper Schmeichel,dk DEN,GK,Leicester City,32,1986,38,38,3420,38,41,1.08,135,94,75.6,18,8,12,13,34.2,10,8,2,0,20,19/20
Jed Steer,eng ENG,GK,Aston Villa,26,1992,1,1,7,0.1,,,,,,,,1,,,,,,,,19/20
Mark Travers,ie IRL,GK,Bournemouth,20,1999,1,1,90,1,3,3,5,2,40,0,0,1,0,0,0,0,0,0,,19/20
Alisson,br BRA,GK,Liverpool,25,1992,38,38,3420,38,22,0.58,96,74,77.1,30,7,1,21,55.3,1,0,0,1,,18/19
Kepa Arrizabalaga,es ESP,GK,Chelsea,23,1994,36,36,3240,36,39,1.08,121,81,68.6,20,8,8,14,38.9,2,1,1,0,50,18/19
Asmir Begović,ba BIH,GK,Bournemouth,31,1987,24,24,2160,24,47,1.96,104,59,56.7,8,3,13,5,20.8,2,2,0,0,0,18/19
Marcus Bettinelli,eng ENG,GK,Fulham,26,1992,7,7,630,7,20,2.86,40,19,52.5,1,2,4,0,0,3,1,1,1,50,18/19
Artur Boruc,pl POL,GK,Bournemouth,38,1980,12,12,1080,12,18,1.5,56,38,73.2,4,3,5,4,33.3,3,3,0,0,0,18/19
David Button,eng ENG,GK,Brighton,29,1989,4,4,360,4,5,1.25,18,13,83.3,1,1,2,1,25,2,2,0,0,0,18/19
Willy Caballero,ar ARG,GK,Chelsea,36,1981,2,2,180,2,0,0,3,3,100,1,1,0,2,100,0,0,0,0,,18/19
Petr Čech,cz CZE,GK,Arsenal,36,1982,7,7,585,6.5,9,1.38,37,28,75.7,5,0,2,1,14.3,0,0,0,0,,18/19
Joel Coleman,eng ENG,GK,Huddersfield,22,1995,1,1,90,1,1,1,3,2,66.7,0,1,0,0,0,0,0,0,0,,18/19
Martin Dúbravka,sk SVK,GK,Newcastle Utd,29,1989,38,38,3420,38,48,1.26,140,93,70,12,9,17,11,28.9,6,6,0,0,0,18/19
Ederson,br BRA,GK,Manchester City,24,1993,38,38,3420,38,23,0.61,81,58,76.5,32,2,4,20,52.6,4,4,0,0,0,18/19
Neil Etheridge,ph PHI,GK,Cardiff City,28,1990,38,38,3420,38,69,1.82,207,135,68.6,10,4,24,10,26.3,7,4,3,0,42.9,18/19
Łukasz Fabiański,pl POL,GK,West Ham,33,1985,38,38,3420,38,55,1.45,198,143,74.2,15,7,16,7,18.4,5,4,1,0,20,18/19
Fabricio,es ESP,GK,Fulham,30,1987,2,2,180,2,5,2.5,21,16,76.2,0,0,2,0,0,0,0,0,0,,18/19
Fraser Forster,eng ENG,GK,Southampton,30,1988,1,1,90,1,3,3,6,3,50,0,0,1,0,0,0,0,0,0,,18/19
Ben Foster,eng ENG,GK,Watford,35,1983,38,38,3420,38,59,1.55,180,123,69.4,14,8,16,7,18.4,5,4,1,0,20,18/19
Paulo Gazzaniga,ar ARG,GK,Tottenham,26,1992,3,3,270,3,2,0.67,13,11,84.6,2,0,1,1,33.3,0,0,0,0,,18/19
David de Gea,es ESP,GK,Manchester Utd,27,1990,38,38,3420,38,54,1.42,171,120,71.9,19,9,10,7,18.4,6,6,0,0,0,18/19
Vicente Guaita,es ESP,GK,Crystal Palace,31,1987,20,20,1755,19.5,23,1.18,85,63,74.1,10,4,6,7,35,1,1,0,0,0,18/19
Angus Gunn,sct SCO,GK,Southampton,22,1996,12,12,1080,12,18,1.5,50,31,64,4,4,4,3,25,1,0,1,0,100,18/19
Ben Hamer,eng ENG,GK,Huddersfield,30,1987,7,7,553,6.1,21,3.42,42,22,57.1,0,1,6,0,0,3,3,0,0,0,18/19
Joe Hart,eng ENG,GK,Burnley,31,1987,19,19,1710,19,41,2.16,116,75,65.5,3,3,13,4,21.1,2,1,1,0,50,18/19
Tom Heaton,eng ENG,GK,Burnley,32,1986,19,19,1710,19,27,1.42,83,59,68.7,8,4,7,4,21.1,1,1,0,0,0,18/19
Wayne Hennessey,wls WAL,GK,Crystal Palace,31,1987,18,17,1575,17.5,26,1.49,69,42,66.7,4,3,10,5,29.4,4,3,1,0,25,18/19
Bernd Leno,de GER,GK,Arsenal,26,1992,32,31,2835,31.5,42,1.33,145,104,75.9,16,7,8,7,22.6,7,7,0,0,0,18/19
Hugo Lloris,fr FRA,GK,Tottenham,31,1986,33,33,2970,33,33,1,130,98,76.9,21,2,10,12,36.4,5,3,2,0,40,18/19
Jonas Lössl,dk DEN,GK,Huddersfield,29,1989,31,30,2777,30.9,54,1.75,141,86,64.5,3,5,22,5,16.7,5,4,1,0,20,18/19
Alex McCarthy,eng ENG,GK,Southampton,28,1989,25,25,2250,25,44,1.76,119,78,64.7,5,8,12,4,16,2,2,0,0,0,18/19
Will Norris,eng ENG,GK,Wolves,24,1993,1,0,,0,0,,0,0,,0,0,0,1,,0,0,0,0,,18/19
Rui Patrício,pt POR,GK,Wolves,30,1988,37,37,3330,37,46,1.24,138,96,68.8,15,9,13,7,18.9,4,3,0,1,0,18/19
Jordan Pickford,eng ENG,GK,Everton,24,1994,38,38,3420,38,46,1.21,136,89,67.6,15,9,14,14,36.8,5,2,3,0,60,18/19
Sergio Rico,es ESP,GK,Fulham,24,1993,29,29,2610,29,56,1.93,165,111,68.5,6,3,20,5,17.2,4,4,0,0,0,18/19
John Ruddy,eng ENG,GK,Wolves,31,1986,1,1,90,1,0,0,3,3,100,1,0,0,1,100,0,0,0,0,,18/19
Mathew Ryan,au AUS,GK,Brighton,26,1992,34,34,3060,34,55,1.62,152,96,69.1,8,8,18,6,17.6,8,8,0,0,0,18/19
Kasper Schmeichel,dk DEN,GK,Leicester City,31,1986,38,38,3420,38,48,1.26,138,90,68.8,15,7,16,10,26.3,5,5,0,0,0,18/19
Julián Speroni,ar ARG,GK,Crystal Palace,39,1979,1,1,90,1,4,4,9,5,55.6,0,0,1,0,0,0,0,0,0,,18/19
Mark Travers,ie IRL,GK,Bournemouth,19,1999,2,2,180,2,5,2.5,13,9,61.5,1,0,1,1,50,0,0,0,0,,18/19
Michel Vorm,nl NED,GK,Tottenham,34,1983,2,2,180,2,4,2,13,9,69.2,0,0,2,0,0,0,0,0,0,,18/19
Adrián,es ESP,GK,West Ham,30,1987,19,19,1710,19,29,1.53,96,68,70.8,7,6,6,6,31.6,1,1,0,0,0,17/18
Asmir Begović,ba BIH,GK,Bournemouth,30,1987,38,38,3420,38,61,1.61,170,109,65.3,11,11,16,6,15.8,3,2,1,0,33.3,17/18
Claudio Bravo,cl CHI,GK,Manchester City,34,1983,3,2,226,2.5,1,0.4,5,4,80,2,0,0,2,100,0,0,0,0,,17/18
Jack Butland,eng ENG,GK,Stoke City,24,1993,35,35,3150,35,61,1.74,201,142,72.1,7,11,17,6,17.1,5,5,0,0,0,17/18
Willy Caballero,ar ARG,GK,Chelsea,35,1981,3,3,270,3,4,1.33,11,7,63.6,1,1,1,1,33.3,0,0,0,0,,17/18
Petr Čech,cz CZE,GK,Arsenal,35,1982,34,34,3039,33.8,48,1.42,135,85,68.1,16,6,12,11,32.4,6,5,1,0,16.7,17/18
Thibaut Courtois,be BEL,GK,Chelsea,25,1992,35,35,3150,35,34,0.97,106,74,69.8,20,6,9,15,42.9,2,2,0,0,0,17/18
Karl Darlow,eng ENG,GK,Newcastle Utd,26,1990,10,10,900,10,15,1.5,47,34,74.5,1,5,4,2,20,3,3,0,0,0,17/18
Martin Dúbravka,sk SVK,GK,Newcastle Utd,28,1989,12,12,1080,12,11,0.92,37,25,70.3,6,1,5,4,33.3,1,0,1,0,100,17/18
Ederson,br BRA,GK,Manchester City,23,1993,36,36,3194,35.5,26,0.73,80,54,67.5,30,4,2,16,44.4,2,0,2,0,100,17/18
Rob Elliot,ie IRL,GK,Newcastle Utd,31,1986,16,16,1440,16,21,1.31,64,43,68.8,5,2,9,3,18.8,2,1,1,0,50,17/18
Łukasz Fabiański,pl POL,GK,Swansea City,32,1985,38,38,3420,38,56,1.47,190,133,72.1,8,9,21,9,23.7,6,3,3,0,50,17/18
Fraser Forster,eng ENG,GK,Southampton,29,1988,20,20,1800,20,30,1.5,97,66,69.1,4,7,9,4,20,1,0,1,0,100,17/18
Ben Foster,eng ENG,GK,West Brom,34,1983,37,37,3330,37,55,1.49,151,98,64.2,6,12,19,10,27,1,1,0,0,0,17/18
Paulo Gazzaniga,ar ARG,GK,Tottenham,25,1992,1,1,90,1,0,0,3,3,100,1,0,0,1,100,0,0,0,0,,17/18
David de Gea,es ESP,GK,Manchester Utd,26,1990,37,37,3330,37,28,0.76,140,114,80.7,24,6,7,18,48.6,1,1,0,0,0,17/18
Heurelho Gomes,br BRA,GK,Watford,36,1981,24,24,2128,23.6,40,1.69,100,61,63,7,5,12,5,20.8,3,3,0,0,0,17/18
Lee Grant,eng ENG,GK,Stoke City,34,1983,3,3,270,3,7,2.33,15,8,53.3,0,1,2,0,0,0,0,0,0,,17/18
Ben Hamer,eng ENG,GK,Leicester City,29,1987,4,3,275,3.1,7,2.29,13,6,53.8,0,1,2,1,33.3,1,1,0,0,0,17/18
Joe Hart,eng ENG,GK,West Ham,30,1987,19,19,1710,19,39,2.05,91,51,61.5,3,6,10,4,21.1,5,4,1,0,20,17/18
Tom Heaton,eng ENG,GK,Burnley,31,1986,4,4,305,3.4,4,1.18,12,8,66.7,2,1,1,0,0,0,0,0,0,,17/18
Wayne Hennessey,wls WAL,GK,Crystal Palace,30,1987,27,27,2430,27,41,1.52,127,88,68.5,8,6,13,7,25.9,1,1,0,0,0,17/18
Eldin Jakupović,ch SUI,GK,Leicester City,32,1984,2,2,180,2,6,3,13,8,53.8,1,0,1,0,0,0,0,0,0,,17/18
Loris Karius,de GER,GK,Liverpool,24,1993,19,19,1710,19,14,0.74,45,30,73.3,11,5,3,10,52.6,3,2,1,0,33.3,17/18
Orestis Karnezis,gr GRE,GK,Watford,32,1985,15,14,1292,14.4,24,1.67,56,32,62.5,4,3,7,4,28.6,3,3,0,0,0,17/18
Hugo Lloris,fr FRA,GK,Tottenham,30,1986,36,36,3240,36,35,0.97,117,82,71.8,22,7,7,15,41.7,3,2,0,1,0,17/18
Jonas Lössl,dk DEN,GK,Huddersfield,28,1989,38,38,3420,38,58,1.53,158,99,65.8,9,10,19,10,26.3,6,4,2,0,33.3,17/18
Alex McCarthy,eng ENG,GK,Southampton,27,1989,18,18,1620,18,26,1.44,68,42,63.2,3,8,7,4,22.2,1,1,0,0,0,17/18
Simon Mignolet,be BEL,GK,Liverpool,29,1988,19,19,1710,19,24,1.26,59,34,62.7,10,7,2,7,36.8,3,2,1,0,33.3,17/18
Boaz Myhill,wls WAL,GK,West Brom,34,1982,1,1,90,1,1,1,3,2,66.7,0,1,0,0,0,0,0,0,0,,17/18
David Ospina,co COL,GK,Arsenal,28,1988,5,4,381,4.2,3,0.71,12,9,75,3,0,1,2,50,0,0,0,0,,17/18
Jordan Pickford,eng ENG,GK,Everton,23,1994,38,38,3420,38,58,1.53,178,119,69.1,13,10,15,10,26.3,5,3,1,1,25,17/18
Nick Pope,eng ENG,GK,Burnley,25,1992,35,34,3115,34.6,35,1.01,148,113,78.4,12,11,11,12,35.3,5,3,1,1,25,17/18
Sergio Romero,ar ARG,GK,Manchester Utd,30,1987,1,1,90,1,0,0,3,3,100,1,0,0,1,100,0,0,0,0,,17/18
Mathew Ryan,au AUS,GK,Brighton,25,1992,38,38,3420,38,54,1.42,172,121,69.2,9,13,16,10,26.3,3,1,2,0,66.7,17/18
Kasper Schmeichel,dk DEN,GK,Leicester City,30,1986,33,33,2965,32.9,47,1.43,138,90,66.7,11,10,12,8,24.2,3,1,2,0,66.7,17/18
Julián Speroni,ar ARG,GK,Crystal Palace,38,1979,11,11,990,11,14,1.27,43,29,69.8,3,5,3,2,18.2,1,1,0,0,0,17/18
Michel Vorm,nl NED,GK,Tottenham,33,1983,1,1,90,1,1,1,4,4,75,0,1,0,0,0,0,0,0,0,,17/18
Adrián,es ESP,GK,West Ham,29,1987,16,16,1440,16,25,1.56,78,53,70.5,5,4,7,6,37.5,3,2,0,1,0,16/17
Ryan Allsop,eng ENG,GK,Bournemouth,24,1992,1,1,90,1,1,1,5,4,80,0,1,0,0,0,0,0,0,0,,16/17
Asmir Begović,ba BIH,GK,Chelsea,29,1987,2,2,180,2,5,2.5,6,1,16.7,1,0,1,0,0,0,0,0,0,,16/17
Artur Boruc,pl POL,GK,Bournemouth,36,1980,35,35,3150,35,63,1.8,176,113,65.3,11,9,15,9,25.7,4,2,2,0,50,16/17
Claudio Bravo,cl CHI,GK,Manchester City,33,1983,22,22,1968,21.9,26,1.19,60,34,56.7,12,5,5,5,22.7,1,0,1,0,100,16/17
Jack Butland,eng ENG,GK,Stoke City,23,1993,5,5,450,5,8,1.6,24,16,66.7,1,2,2,2,40,0,0,0,0,,16/17
Willy Caballero,ar ARG,GK,Manchester City,34,1981,17,16,1452,16.1,13,0.81,45,32,75.6,11,4,1,6,37.5,4,2,0,2,0,16/17
Joel Castro Pereira,pt POR,GK,Manchester Utd,20,1996,1,1,90,1,0,0,3,3,100,1,0,0,1,100,0,0,0,0,,16/17
Petr Čech,cz CZE,GK,Arsenal,34,1982,35,35,3097,34.4,37,1.08,150,113,81.3,22,5,7,12,34.3,9,9,0,0,0,16/17
Thibaut Courtois,be BEL,GK,Chelsea,24,1992,36,36,3240,36,28,0.78,99,71,73.7,29,3,4,16,44.4,2,2,0,0,0,16/17
Łukasz Fabiański,pl POL,GK,Swansea City,31,1985,37,37,3330,37,69,1.86,174,105,63.8,11,5,21,8,21.6,8,6,1,1,14.3,16/17
Adam Federici,au AUS,GK,Bournemouth,31,1985,2,2,180,2,3,1.5,8,5,62.5,1,0,1,1,50,1,0,0,1,,16/17
Fraser Forster,eng ENG,GK,Southampton,28,1988,38,38,3420,38,48,1.26,130,82,67.7,12,10,16,14,36.8,9,6,1,2,14.3,16/17
Ben Foster,eng ENG,GK,West Brom,33,1983,38,38,3420,38,51,1.34,160,109,70,12,9,17,6,15.8,3,3,0,0,0,16/17
David de Gea,es ESP,GK,Manchester Utd,25,1990,35,35,3150,35,29,0.83,103,74,75.7,16,14,5,14,40,4,4,0,0,0,16/17
Shay Given,ie IRL,GK,Stoke City,40,1976,5,5,450,5,14,2.8,33,19,60.6,0,1,4,0,0,2,1,1,0,50,16/17
Heurelho Gomes,br BRA,GK,Watford,35,1981,38,38,3337,37.1,64,1.73,177,113,65.5,11,7,19,6,15.8,4,3,1,0,25,16/17
Lee Grant,eng ENG,GK,Stoke City,33,1983,28,28,2520,28,34,1.21,123,89,72.4,10,8,10,9,32.1,0,0,0,0,,16/17
Brad Guzan,us USA,GK,Middlesbrough,31,1984,10,10,900,10,17,1.7,53,36,69.8,2,3,5,3,30,2,1,0,1,0,16/17
Tom Heaton,eng ENG,GK,Burnley,30,1986,35,35,3150,35,48,1.37,189,141,76.7,11,7,17,10,28.6,5,4,1,0,20,16/17
Wayne Hennessey,wls WAL,GK,Crystal Palace,29,1987,29,29,2610,29,46,1.59,133,87,66.9,9,3,17,7,24.1,2,2,0,0,0,16/17
Eldin Jakupović,ch SUI,GK,Hull City,31,1984,22,22,1980,22,36,1.64,107,71,70.1,8,4,10,5,22.7,7,4,2,1,33.3,16/17
Loris Karius,de GER,GK,Liverpool,23,1993,10,10,900,10,12,1.2,32,20,65.6,6,3,1,3,30,1,1,0,0,0,16/17
Hugo Lloris,fr FRA,GK,Tottenham,29,1986,34,34,3004,33.4,24,0.72,101,77,77.2,24,5,4,15,44.1,1,1,0,0,0,16/17
Steve Mandanda,fr FRA,GK,Crystal Palace,31,1985,9,9,810,9,17,1.89,43,26,60.5,3,2,4,0,0,0,0,0,0,,16/17
Vito Mannone,it ITA,GK,Sunderland,28,1988,9,9,810,9,19,2.11,59,40,71.2,1,2,6,2,22.2,2,2,0,0,0,16/17
David Marshall,sct SCO,GK,Hull City,31,1985,16,16,1440,16,44,2.75,107,63,65.4,1,3,12,0,0,7,7,0,0,0,16/17
Emiliano Martínez,ar ARG,GK,Arsenal,23,1992,2,2,180,2,3,1.5,8,5,75,1,0,1,1,50,1,1,0,0,0,16/17
Simon Mignolet,be BEL,GK,Liverpool,28,1988,28,28,2520,28,30,1.07,82,52,65.9,16,7,5,9,32.1,4,2,2,0,50,16/17
Kristoffer Nordfeldt,se SWE,GK,Swansea City,27,1989,1,1,90,1,1,1,5,4,80,1,0,0,0,0,0,0,0,0,,16/17
David Ospina,co COL,GK,Arsenal,27,1988,2,1,143,1.6,4,2.52,9,5,55.6,0,1,1,0,0,0,0,0,0,,16/17
Costel Pantilimon,ro ROU,GK,Watford,29,1987,2,0,83,0.9,4,4.34,10,6,60,0,0,1,0,,0,0,0,0,,16/17
Jordan Pickford,eng ENG,GK,Sunderland,22,1994,29,29,2610,29,50,1.72,189,139,74.6,5,4,20,4,13.8,2,2,0,0,0,16/17
Darren Randolph,ie IRL,GK,West Ham,29,1987,22,22,1980,22,39,1.77,104,65,65.4,7,5,10,4,18.2,5,3,1,1,25,16/17
Paul Robinson,eng ENG,GK,Burnley,36,1979,3,3,270,3,7,2.33,19,12,63.2,0,0,3,0,0,0,0,0,0,,16/17
Joel Robles,es ESP,GK,Everton,26,1990,20,19,1737,19.3,20,1.04,80,60,77.5,12,4,3,10,52.6,2,2,0,0,0,16/17
Sergio Romero,ar ARG,GK,Manchester Utd,29,1987,2,2,180,2,0,0,10,10,100,1,1,0,2,100,1,0,1,0,100,16/17
Kasper Schmeichel,dk DEN,GK,Leicester City,29,1986,30,30,2666,29.6,47,1.59,157,110,72,10,7,13,8,26.7,3,3,0,0,0,16/17
Maarten Stekelenburg,nl NED,GK,Everton,33,1982,19,19,1683,18.7,24,1.28,68,44,66.2,5,6,8,3,15.8,3,1,1,1,50,16/17
Víctor Valdés,es ESP,GK,Middlesbrough,34,1982,28,28,2520,28,36,1.29,118,82,72,3,10,15,8,28.6,3,3,0,0,0,16/17
Michel Vorm,nl NED,GK,Tottenham,32,1983,5,4,416,4.6,2,0.43,9,7,88.9,2,3,0,2,50,1,1,0,0,0,16/17
Ron-Robert Zieler,de GER,GK,Leicester City,27,1989,9,8,754,8.4,16,1.91,33,17,51.5,2,1,5,1,12.5,0,0,0,0,,16/17