season,team1,team2,home.away,date,incident,type,min
19/20,Brighton & Hove Albion,West Ham,H,Aug. 17,"Brighton goal for Leandro Trossard ruled out for offside by Dan Burn, who created the goal",AGAINST,27
19/20,Brighton & Hove Albion,Aston Villa,A,Oct. 19,Conor Hourihane goal ruled out for a foul by Wesley on Mat Ryan,FOR,42
19/20,Brighton & Hove Albion,Everton,H,Oct. 26,Penalty awarded (scored by Neil Maupay) for foul on Aaron Connolly by Michael Keane,FOR,78
19/20,Brighton & Hove Albion,Leicester,H,Nov. 23,Jamie Vardy penalty retaken after James Maddison scored the rebound with encroachment,FOR,80
19/20,Brighton & Hove Albion,Arsenal,A,Dec. 5,David Luiz goal disallowed for offside,FOR,63
19/20,Brighton & Hove Albion,Sheffield United,H,Dec. 21,John Egan goal ruled out for handball,FOR,8
19/20,Brighton & Hove Albion,Sheffield United,H,Dec. 21,Jack O'Connell goal disallowed for offside,FOR,54
19/20,Brighton & Hove Albion,Tottenham,A,Dec. 26,Harry Kane goal ruled out for offside,FOR,24
19/20,Brighton & Hove Albion,Bournemouth,H,Dec. 28,Dan Burn goal ruled out for offside,AGAINST,58
19/20,Brighton & Hove Albion,Everton,A,Jan. 11,Goal for Dominic Calvert-Lewin ruled out for handball,FOR,75
19/20,Brighton & Hove Albion,West Ham,A,Feb. 1,Goal for Glenn Murray allowed after incorrect handball,FOR,79
19/20,Brighton & Hove Albion,Burnley,A,July 26,Jay Rodriguez goal ruled out for offside against Johann Berg Gudmundsson,FOR,57
19/20,Manchester United,Arsenal,H,Sept. 30,"Pierre-Emerick Aubameyang goal, originally ruled out for offside, overturned on review",AGAINST,58
19/20,Manchester United,Liverpool,H,Oct. 20,Sadio Mane goal ruled out for handball,FOR,43
19/20,Manchester United,Norwich,A,Oct. 27,Penalty awarded (missed by Marcus Rashford) for foul on Daniel James by Ben Godfrey,FOR,25
19/20,Manchester United,Norwich,A,Oct. 27,Penalty awarded (missed by Anthony Martial) for handball by Todd Cantwell,FOR,41
19/20,Manchester United,Man City,A,Dec. 7,Penalty awarded (scored by Marcus Rashford) for foul on Rashford by Bernardo Silva,FOR,23
19/20,Manchester United,Liverpool,A,Jan. 19,Roberto Firmino goal disallowed for foul on David De Gea by Virgil van Dijk,FOR,25
19/20,Manchester United,Chelsea,A,Feb. 17,Kurt Zouma goal disallowed for foul on Brandon Williams by Cesar Azpilicueta,FOR,55
19/20,Manchester United,Chelsea,A,Feb. 17,Olivier Giroud goal disallowed for offside,FOR,77
19/20,Manchester United,Watford,H,Feb. 23,Goal for Troy Deeney disallowed for handball by Craig Dawson,FOR,52
19/20,Manchester United,Everton,A,March 1,Goal for Everton disallowed for offside against Gylfi Sigurdsson in front of David De Gea,FOR,92
19/20,Manchester United,Tottenham,A,June 19,Penalty awarded for a foul on Bruno Fernandes overturned,AGAINST,91
19/20,Manchester United,Crystal Palace,A,July ,Jordan Ayew goal disallowed for offside,FOR,55
19/20,Manchester United,West Ham,H,July 22,Penalty awarded for a handball by Paul Pogba (scored by Michael Antonio),AGAINST,45
19/20,Crystal Palace,West Ham,A,Oct. 5,Jordan Ayew goal awarded after originally being ruled out for offside,FOR,87
19/20,Crystal Palace,Arsenal,A,Oct. 27,Penalty awarded for foul by Calum Chambers on Wilfried Zaha (initially booked for diving),FOR,32
19/20,Crystal Palace,Arsenal,A,Oct. 27,Sokratis goal disallowed for foul by Calum Chambers,FOR,83
19/20,Crystal Palace,Liverpool,H,Nov. 23,James Tomkins goal ruled out for push by Jordan Ayew,AGAINST,43
19/20,Crystal Palace,Southampton,A,Dec. 28,Goal for Max Meyer ruled out for offside by Wilfried Zaha in the build-up,AGAINST,15
19/20,Crystal Palace,Norwich,A,Jan. 1,Connor Wickham goal awarded after originally being ruled out for offside,FOR,85
19/20,Crystal Palace,Arsenal,H,Jan. 11,Pierre-Emerick Aubameyang sent off for foul on Max Meyer,FOR,65
19/20,Crystal Palace,Manchester City,A,Jan. 18,Penalty for handball against Jairo Riedewald cancelled,FOR,72
19/20,Crystal Palace,Sheffield United,H,Feb. 1,Red card for Joel Ward rescinded,FOR,74
19/20,Crystal Palace,Aston Villa,A,July 12,Mamadou Sakho goal ruled out for handball,AGAINST,7
19/20,Crystal Palace,Aston Villa,A,July 12,"Penalty cancelled, awarded for foul on Jack Grealish by Patrick van Aanholt",FOR,47
19/20,Crystal Palace,Man United,H,July ,Jordan Ayew goal disallowed for offside,AGAINST,55
19/20,Burnley,Aston Villa,A,Sept. 28,"Goal for Villa's John McGinn ruled out on review, Conor Hourihane offside in build-up",FOR,25
19/20,Burnley,Leicester,A,Oct. 21,Jonny Evans own goal ruled out due to a foul by Chris Wood,AGAINST,80
19/20,Burnley,Chelsea,H,Oct. 26,Penalty overturned for diving by Callum Hudson-Odoi,FOR,76
19/20,Burnley,West Ham,H,Nov. 9,Chris Wood goal disallowed for offside,AGAINST,36
19/20,Burnley,Watford,A,Nov. 23,Penalty (scored by Barnes) awarded for foul on Ashley Barnes by Jose Holebas,FOR,80
19/20,Burnley,Aston Villa,H,Jan. 1,"Goal for Villa's Jack Grealish ruled out on review, Wesley offside in build-up",FOR,11
19/20,Burnley,Bournemouth,H,Feb. 22,Goal for Josh King ruled out for handball in build-up by Philip Billing,FOR,22
19/20,Burnley,Bournemouth,H,Feb. 22,"Goal for Harry Wilson ruled out for handball by Bournemouth's Adam Smith, penalty awarded and scored by Jay Rodriguez",FOR,57
19/20,Burnley,Man City,A,June 22,Penalty given (scored by Riyad Mahrez) for a foul by Ben Mee on Sergio Aguero,AGAINST,45
19/20,Burnley,Norwich,A,July 18,Red card for Emiliano Buendia for an elbow on Ashley Westwood,FOR,33
19/20,Burnley,Brighton,H,July 26,Jay Rodriguez goal ruled out for offside against Johann Berg Gudmundsson,AGAINST,57
19/20,Newcastle,Sheffield United,A,Dec. 5,"Jonjo Shelvey goal, originally ruled out for offside, cleared by the VAR",FOR,70
19/20,Newcastle,Southampton,A,March 7,Moussa Djenepo sent off for challenge on Isaac Hayden,FOR,28
19/20,Newcastle,Southampton,A,March 7,Penalty awarded for handball by Sofiane Boufal,FOR,40
19/20,Southampton,Sheffield United,A,Sept. 14,Oliver McBurnie's goal disallowed for offside,FOR,52
19/20,Southampton,AFC Bournemouth,H,Sept. 20,"Josh King scored for the Cherries, but he was offside",FOR,25
19/20,Southampton,Wolves,A,Oct. 19,Raul Jimenez goal ruled out for offside against Patrick Cutrone,FOR,42
19/20,Southampton,Leicester,H,Oct. 25,Ryan Bertrand sent off for challenge on Ayoze Perez,AGAINST,12
19/20,Southampton,West Ham,H,Dec. 14,Goal for Michail Antonio ruled out for handball,FOR,52
19/20,Southampton,Crystal Palace,H,Dec. 28,Goal for Max Meyer ruled out for offside by Wilfried Zaha in the build-up,FOR,15
19/20,Southampton,Leicester,A,Jan. 11,Penalty for Southampton cancelled for offside against Shane Long in build-up,AGAINST,63
19/20,Southampton,Leicester,A,Jan. 11,Jonny Evans goal ruled out for offside,FOR,90
19/20,Southampton,Wolves,H,Jan. 18,Penalty awarded (scored by Raul Jimenez) for foul on Jonny by Jack Stephens,AGAINST,65
19/20,Southampton,Newcastle,H,March 7,Moussa Djenepo sent off for challenge on Isaac Hayden,AGAINST,28
19/20,Southampton,Newcastle,H,March 7,Penalty awarded (missed by Matt Ritchie) for handball by Sofiane Boufal,AGAINST,40
19/20,Southampton,Bournemouth,A,July 19,Penalty awarded (missed by Danny Ings) for handball by Harry Wilson,FOR,57
19/20,Southampton,Bournemouth,A,July 19,"Sam Surridge goal disallowed, Callum Wilson offside",FOR,94
19/20,Liverpool,Chelsea,A,Sept. 22,Chelsea goal ruled out after Mason Mount was offside in the build-up to Cesar Azpilicueta's goal,FOR,27
19/20,Liverpool,Man United,A,Oct. 20,Sadio Mane goal ruled out for handball,AGAINST,43
19/20,Liverpool,Crystal Palace,A,Nov. 23,James Tomkins goal ruled out for push by Jordan Ayew,FOR,43
19/20,Liverpool,Watford,H,Dec. 14,Sadio Mane goal ruled out for offside,AGAINST,51
19/20,Liverpool,Wolves,H,Dec. 29,Goal for Sadio Mane given after originally ruled out for handball by Adam Lallana,FOR,42
19/20,Liverpool,Wolves,H,Dec. 29,Goal for Pedro Neto ruled out for offside in the build-up by Jonny,FOR,45
19/20,Liverpool,Man United,H,Jan. 19,Roberto Firmino goal disallowed for foul on David De Gea by Virgil van Dijk,AGAINST,25
19/20,Liverpool,Man City,A,July 2,City goal for Riyad Mahrez ruled out for handball by Phil Foden in the build-up,FOR,90
19/20,Leicester City,Wolves,H,Aug. 11,Wolves goal for Leander Dendoncker disallowed for handball in build-up by Willy Boly,FOR,51
19/20,Leicester City,Tottenham,H,Sept. 21,Goal disallowed for offside against Ayoze Perez,AGAINST,16
19/20,Leicester City,Tottenham,H,Sept. 21,Son Heung-Min offside in build-up to Serge Aurier goal,FOR,64
19/20,Leicester City,Burnley,H,Oct. 21,Jonny Evans own goal ruled out due to a foul by Chris Wood,FOR,80
19/20,Leicester City,Southampton,A,Oct. 25,Ryan Bertrand sent off for challenge on Ayoze Perez,FOR,12
19/20,Leicester City,Brighton,A,Nov. 23,Jamie Vardy penalty retaken after James Maddison scored the rebound with encroachment,AGAINST,80
19/20,Leicester City,Everton,H,Dec. 1,Penalty for foul on Ben Chilwell by Mason Holgate cancelled,AGAINST,34
19/20,Leicester City,Everton,H,Dec. 1,"Kelechi Iheanacho effort, originally ruled offside, given as a goal",FOR,94
19/20,Leicester City,Southampton,H,Jan. 11,Penalty for Southampton cancelled for offside against Shane Long in build-up,FOR,63
19/20,Leicester City,Southampton,H,Jan. 11,Jonny Evans goal ruled out for offside,AGAINST,90
19/20,Leicester City,Wolves,A,Feb. 14,Wolves goal for Willy Boly disallowed for offside in build-up by Pedro Neto,FOR,44
19/20,Leicester City,Man City,H,Feb. 22,Penalty (missed by Sergio Aguero) awarded for handball against Dennis Praet - AGAINST,None,0
19/20,Leicester City,Norwich,A,Feb. 28,Goal for Kelechi Iheanacho disallowed for handball,AGAINST,49
19/20,Leicester City,Everton,A,July 1,Penalty awarded (scored by Gylfi Sigurdsson) for handball against Wilfred Ndidi,AGAINST,13
19/20,Leicester City,Arsenal,A,July 7,Edward Nketiah sent off for foul on James Justin,FOR,75
19/20,Tottenham Hotspur,Man City,A,Aug. 17,City goal for Gabriel Jesus ruled out for handball in build-up by Aymeric Laporte,FOR,90
19/20,Tottenham Hotspur,Leicester,A,Sept. 21,Goal disallowed for offside against Ayoze Perez,FOR,16
19/20,Tottenham Hotspur,Leicester,A,Sept. 21,Son Heung-Min offside in build-up to Serge Aurier goal,AGAINST,64
19/20,Tottenham Hotspur,Sheffield United,H,Nov. 9,Goal for David McGoldrick disallowed for offside in build-up by John Lundstram,FOR,60
19/20,Tottenham Hotspur,West Ham,A,Nov. 23,Declan Rice goal disallowed for offside,FOR,89
19/20,Tottenham Hotspur,Chelsea,H,Dec. 22,Penalty (scored by Willian) awarded for foul by Paulo Gazzaniga on Marcos Alonso,AGAINST,45
19/20,Tottenham Hotspur,Chelsea,H,Dec. 22,Son Heung-Min sent off for foul on Antonio Rudiger,AGAINST,62
19/20,Tottenham Hotspur,Brighton,H,Dec. 26,Harry Kane goal ruled out for offside,AGAINST,24
19/20,Tottenham Hotspur,Norwich,A,Dec. 28,Teemu Pukki goal ruled out for offside,FOR,33
19/20,Tottenham Hotspur,Manchester City,H,Feb. 2,Penalty (missed by Ilkay Gundogan) awarded for foul by Serge Aurier on Sergio Aguero,AGAINST,38
19/20,Tottenham Hotspur,Aston Villa,A,Feb. 16,Penalty (missed by Son Heung-Min but scored on the rebound) awarded for foul by Bjorn Engels on Steven Bergwijn,FOR,45
19/20,Tottenham Hotspur,Man United,H,June 19,Penalty awarded for a foul on Bruno Fernandes overturned,FOR,91
19/20,Tottenham Hotspur,West Ham,H,June 23,Son Heung-Min goal disallowed for offside,AGAINST,45
19/20,Tottenham Hotspur,Sheffield United,A,July 2,Goal for Harry Kane ruled out for handball in the build-up by Lucas Moura,AGAINST,32
19/20,Tottenham Hotspur,AFC Bournemouth,A,July 9,Goal for Callum Wilson ruled out for handball by Josh King,FOR,90
19/20,Manchester City,West Ham,A,Aug. 10,City goal for Gabriel Jesus ruled out for an offside against Raheem Sterling earlier in the move,AGAINST,53
19/20,Manchester City,West Ham,A,Aug. 10,Missed City penalty retaken due to encroachment by Declan Rice. Retake scored by Sergio Aguero,FOR,86
19/20,Manchester City,Tottenham,A,Aug. 17,City goal for Gabriel Jesus ruled out for handball in build-up by Aymeric Laporte,AGAINST,90
19/20,Manchester City,Man United,H,Dec. 7,Penalty awarded (scored by Marcus Rashford) for foul on Rashford by Bernardo Silva,AGAINST,23
19/20,Manchester City,Wolves,A,Dec. 27,Penalty awarded (missed by Raheem Sterling) for foul on Riyad Mahrez by Leander Dendoncker,FOR,21
19/20,Manchester City,Wolves,A,Dec. 27,Missed City penalty retaken due to encroachment by Connor Coady . Retake scored by on rebound by Raheem Sterling,FOR,25
19/20,Manchester City,Sheffield United,H,Dec. 29,Goal for Lys Mousset ruled out for offside,FOR,29
19/20,Manchester City,Everton,H,Jan. 1,Goal for Phil Foden ruled out for offside in build-up by Joao Cancelo,AGAINST,12
19/20,Manchester City,Crystal Palace,H,Jan. 18,Penalty for handball against Jairo Riedewald cancelled,AGAINST,72
19/20,Manchester City,Tottenham,A,Feb. 2,Penalty (missed by Ilkay Gundogan) awarded for foul by Serge Aurier on Sergio Aguero,FOR,38
19/20,Manchester City,Leicester,A,Feb. 22,Penalty (missed by Sergio Aguero) awarded for handball against Dennis Praet - FOR,None,0
19/20,Manchester City,Burnley,H,June 22,Penalty given (scored by Riyad Mahrez) for a foul by Ben Mee on Sergio Aguero,FOR,45
19/20,Manchester City,Chelsea,A,June 25,"Fernandinho sent off for deliberate handball on the goalline, penalty scored by Willian",AGAINST,77
19/20,Manchester City,Liverpool,H,July 2,City goal for Riyad Mahrez ruled out for handball by Phil Foden in the build-up,AGAINST,90
19/20,Manchester City,Man City,A,July 15,"Man City penalty, for a foul on Gabriel Jesus by Steve Cook, overturned",AGAINST,71
19/20,Manchester City,Norwich,H,July 26,Goal for Onel Hernandez ruled out for offside,FOR,7
19/20,Arsenal,Man United,A,Sept. 30,"Pierre-Emerick Aubameyang goal, originally ruled out for offside, overturned on review",FOR,58
19/20,Arsenal,Crystal Palace,H,Oct. 27,Penalty awarded for foul by Calum Chambers on Wilfried Zaha (initially booked for diving),AGAINST,32
19/20,Arsenal,Crystal Palace,H,Oct. 27,Sokratis goal disallowed for foul by Calum Chambers,AGAINST,83
19/20,Arsenal,Norwich,A,Dec. 1,Pierre-Emerick Aubameyang missed penalty retaken (and scored) following encroachment by a defender,FOR,29
19/20,Arsenal,Brighton,H,Dec. 5,David Luiz goal disallowed for offside,AGAINST,63
19/20,Arsenal,Crystal Palace,A,Jan. 11,Pierre-Emerick Aubameyang sent off for foul on Max Meyer,AGAINST,65
19/20,Arsenal,West Ham,H,March 7,Alexandre Lacazette goal allowed after incorrect offside against Mesut Ozil,FOR,78
19/20,Arsenal,Leicester,H,July 7,Edward Nketiah sent off for foul on James Justin,AGAINST,75
19/20,Arsenal,Watford,H,July 26,Penalty (scored by Pierre-Emerick Aubameyang) awarded for foul by Craig Dawson on Alexandre Lacazette,FOR,2
19/20,Everton,Brighton & Hove Albion,A,Oct. 26,Penalty awarded (scored by Neal Maupay) for foul on Aaron Connolly by Michael Keane,AGAINST,78
19/20,Everton,Leicester,A,Dec. 1,Penalty for foul on Ben Chilwell by Mason Holgate cancelled,FOR,34
19/20,Everton,Leicester,A,Dec. 1,"Kelechi Iheanacho effort, originally ruled offside, given as a goal",AGAINST,94
19/20,Everton,Man City,A,Jan. 1,Goal for Phil Foden ruled out for offside in build-up by Joao Cancelo,FOR,12
19/20,Everton,Brighton,H,Jan. 11,Goal for Dominic Calvert-Lewin ruled out for handball,AGAINST,75
19/20,Everton,Man United,H,March 1,Goal for Everton disallowed for offside against Gylfi Sigurdsson in front of David De Gea,AGAINST,92
19/20,Everton,Leicester,H,July 1,Penalty awarded (scored by Gylfi Sigurdsson) for handball against Wilfred Ndidi,FOR,13
19/20,AFC Bournemouth,Southampton,A,Sept. 20,"Josh King scored for the Cherries, but he was offside",AGAINST,25
19/20,AFC Bournemouth,West Ham,H,Sept. 28,"Josh King goal, originally ruled out for offside, cleared by the VAR",FOR,17
19/20,AFC Bournemouth,Chelsea,A,Dec. 14,"Dan Gosling goal, originally disallowed for offside, given by the VAR",FOR,84
19/20,AFC Bournemouth,Brighton,A,Dec. 28,Dan Burn goal ruled out for offside,FOR,58
19/20,AFC Bournemouth,West Ham,A,Jan. 1,Aaron Cresswell red card downgraded to yellow,AGAINST,76
19/20,AFC Bournemouth,Norwich,A,Jan. 18,Red card for Ben Godfrey for foul on Callum Wilson,FOR,76
19/20,AFC Bournemouth,Burnley,A,Feb. 22,Goal for Josh King ruled out for handball in build-up by Philip Billing,AGAINST,22
19/20,AFC Bournemouth,Burnley,A,Feb. 22,"Goal for Harry Wilson ruled out for handball by Bournemouth's Adam Smith, penalty awarded and scored by Jay Rodriguez",AGAINST,57
19/20,AFC Bournemouth,Tottenham,H,July 9,Goal for Callum Wilson ruled out for handball by Josh King,AGAINST,90
19/20,AFC Bournemouth,Man City,A,July 15,"Man City penalty, for a foul on Gabriel Jesus by Steve Cook, overturned",FOR,71
19/20,AFC Bournemouth,Southampton,H,July 19,Penalty awarded (missed by Danny Ings) for handball by Harry Wilson,AGAINST,57
19/20,AFC Bournemouth,Southampton,H,July 19,"Sam Surridge goal disallowed, Callum Wilson offside",AGAINST,94
19/20,Chelsea,Norwich,A,Aug. 24,Chelsea goal for Kurt Zouma disallowed for a foul on the goalkeeper by Olivier Giroud,AGAINST,77
19/20,Chelsea,Liverpool,H,Sept. 22,Goal ruled out after Mason Mount was offside in the build-up to Cesar Azpilicueta's goal,AGAINST,27
19/20,Chelsea,Burnley,A,Oct. 26,Penalty overturned for diving by Callum Hudson-Odoi,AGAINST,76
19/20,Chelsea,Watford,A,Nov. 2,Penalty (scored by Deulofeu) awarded for foul by Jorginho for trip on Gerard Deulofeu,AGAINST,77
19/20,Chelsea,West Ham,H,Nov. 30,Goal for Michail Antonio ruled out for handball,FOR,67
19/20,Chelsea,Bournemouth,H,Dec. 14,"Dan Gosling goal, originally disallowed for offside, given by the VAR",AGAINST,84
19/20,Chelsea,Tottenham,A,Dec. 22,Penalty (scored by Willian) awarded for foul by Paulo Gazzaniga on Marcos Alonso,FOR,45
19/20,Chelsea,Tottenham,A,Dec. 22,Son Heung-Min sent off for foul on Antonio Rudiger,FOR,62
19/20,Chelsea,Manchester United,H,Feb. 17,Kurt Zouma goal disallowed for foul on Brandon Williams by Cesar Azpilicueta,AGAINST,55
19/20,Chelsea,Manchester United,H,Feb. 17,Olivier Giroud goal disallowed for offside,AGAINST,77
19/20,Chelsea,Manchester City,H,June 25,"Fernandinho sent off for deliberate handball on the goalline, penalty scored by Willian",FOR,77
19/20,Chelsea,West Ham,A,July 1,Tomas Soucek goal disallowed for offside against Michail Antonio,FOR,34
19/20,Watford,Chelsea,H,Nov. 2,Penalty (scored by Deulofeu) awarded for trip on Gerard Deulofeu by Jorginho,FOR,77
19/20,Watford,Burnley,H,Nov. 23,Penalty (scored by Barnes) awarded for foul on Ashley Barnes by Jose Holebas,AGAINST,80
19/20,Watford,Liverpool,A,Dec. 14,Sadio Mane goal ruled out for offside,FOR,51
19/20,Watford,Wolves,H,Jan. 1,Christian Kabasele sent off for professional foul after originally being booked,AGAINST,68
19/20,Watford,Man United,A,Feb. 23,Goal for Troy Deeney disallowed for handball by Craig Dawson,AGAINST,52
19/20,Watford,Arsenal,A,July 26,Penalty (scored by Pierre-Emerick Aubameyang) awarded for foul by Craig Dawson on Alexandre Lacazette,AGAINST,2
19/20,Aston Villa,Burnley,H,Sept. 28,"Goal for John McGinn ruled out on review, Conor Hourihane offside in build-up",AGAINST,25
19/20,Aston Villa,Brighton,H,Oct. 19,Conor Hourihane goal ruled out for a foul by Wesley on Mat Ryan,AGAINST,42
19/20,Aston Villa,Sheffield United,A,Dec. 14,Penalty awarded (missed by Jack Grealish) for handball by John Egan,FOR,76
19/20,Aston Villa,Burnley,A,Jan. 1,"Goal for Villa's Jack Grealish ruled out on review, Wesley offside in build-up",AGAINST,11
19/20,Aston Villa,Tottenham,H,Feb. 16,Penalty (missed by Son Heung-Min but scored on the rebound) awarded for foul by Bjorn Engels on Steven Bergwijn,AGAINST,45
19/20,Aston Villa,Crystal Palace,H,July 12,Mamadou Sakho goal ruled out for handball,FOR,7
19/20,Aston Villa,Crystal Palace,H,July 12,"Penalty cancelled, awarded for foul on Jack Grealish by Patrick van Aanholt",AGAINST,47
19/20,West Ham,Man City,H,Aug. 10,City goal for Gabriel Jesus ruled out for an offside against Raheem Sterling earlier in the move,FOR,53
19/20,West Ham,Man City,H,Aug. 10,Missed City penalty retaken due to encroachment by Declan Rice. Retake scored by Sergio Aguero,AGAINST,86
19/20,West Ham,Brighton,A,Aug. 17,"Brighton goal for Leandro Trossard ruled out for offside by Dan Burn, who created the goal",FOR,27
19/20,West Ham,AFC Bournemouth,A,Sept. 28,"Josh King goal, originally ruled out for offside, cleared by the VAR",AGAINST,17
19/20,West Ham,Crystal Palace,H,Oct. 5,Jordan Ayew goal awarded after originally being ruled out for offside,AGAINST,87
19/20,West Ham,Burnley,A,Nov. 9,Chris Wood goal disallowed for offside,FOR,36
19/20,West Ham,Tottenham,H,Nov. 23,Declan Rice goal disallowed for offside,AGAINST,89
19/20,West Ham,Chelsea,A,Nov. 30,Goal for Michail Antonio ruled out for handball,AGAINST,67
19/20,West Ham,Southampton,A,Dec. 14,Goal for Michail Antonio ruled out for handball,AGAINST,52
19/20,West Ham,Bournemouth,H,Jan. 1,Aaron Cresswell red card downgraded to yellow,FOR,76
19/20,West Ham,Sheffield United,A,Jan. 10,Goal for Robert Snodgrass ruled out for handball in the build-up by Declan Rice,AGAINST,90
19/20,West Ham,Brighton & Hove Albion,H,Feb. 1,Goal for Glenn Murray allowed after incorrect handball,AGAINST,79
19/20,West Ham,Arsenal,A,March 7,Alexandre Lacazette goal allowed after incorrect offside against Mesut Ozil,AGAINST,78
19/20,West Ham,Tottenham,A,June 23,Son Heung-Min goal disallowed for offside,FOR,45
19/20,West Ham,Chelsea,H,July 1,Tomas Soucek goal disallowed for offside against Michail Antonio,AGAINST,34
19/20,West Ham,Man United,A,July 22,Penalty awarded for a handball by Paul Pogba (scored by Michael Antonio),FOR,45
19/20,Sheffield United,Southampton,H,Sept. 14,Oliver McBurnie's goal disallowed for offside,AGAINST,52
19/20,Sheffield United,Tottenham,A,Nov. 9,Goal for David McGoldrick disallowed for offside in build-up by John Lundstram,AGAINST,60
19/20,Sheffield United,Newcastle,H,Dec. 5,"Jonjo Shelvey goal, originally ruled out for offside, cleared by the VAR",AGAINST,70
19/20,Sheffield United,Norwich,A,Dec. 8,Red card for Chris Basham rescinded,FOR,74
19/20,Sheffield United,Aston Villa,H,Dec. 14,Penalty awarded (missed by Jack Grealish) for handball by John Egan,AGAINST,76
19/20,Sheffield United,Brighton,A,Dec. 21,John Egan goal ruled out for handball,AGAINST,8
19/20,Sheffield United,Brighton,A,Dec. 21,Jack O'Connell goal disallowed for offside,AGAINST,54
19/20,Sheffield United,Manchester City,A,Dec. 29,Goal for Lys Mousset ruled out for offside,AGAINST,29
19/20,Sheffield United,West Ham,H,Jan. 10,Goal for Robert Snodgrass ruled out for handball in the build-up by Declan Rice,FOR,90
19/20,Sheffield United,Crystal Palace,A,Feb. 1,Red card for Joel Ward rescinded,AGAINST,74
19/20,Wolves,Leicester,A,Aug. 11,Wolves goal for Leander Dendoncker disallowed for handball in build-up by Willy Boly,AGAINST,51
19/20,Wolves,Southampton,H,Oct. 19,Raul Jimenez goal ruled out for offside against Patrick Cutrone,AGAINST,42
19/20,Wolves,Man City,H,Dec. 27,Penalty awarded (missed by Raheem Sterling) for foul on Riyad Mahrez by Leander Dendoncker,AGAINST,21
19/20,Wolves,Man City,H,Dec. 27,Missed City penalty retaken due to encroachment by Connor Coady . Retake scored by on rebound by Raheem Sterling,AGAINST,25
19/20,Wolves,Liverpool,A,Dec. 29,Goal for Sadio Mane given after originally ruled out for handball by Adam Lallana,AGAINST,42
19/20,Wolves,Liverpool,A,Dec. 29,Goal for Pedro Neto ruled out for offside in the build-up by Jonny,AGAINST,45
19/20,Wolves,Watford,A,Jan. 1,Christian Kabasele sent off for professional foul after originally being booked,FOR,68
19/20,Wolves,Southampton,A,Jan. 18,Penalty awarded (scored by Raul Jimenez) for foul on Jonny by Jack Stephens,FOR,65
19/20,Wolves,Leicester,A,Feb. 14,Wolves goal for Willy Boly disallowed for offside in build-up by Pedro Neto,AGAINST,44
19/20,Norwich City,Chelsea,H,Aug. 24,Chelsea goal for Kurt Zouma disallowed for a foul on the goalkeeper by Olivier Giroud,FOR,77
19/20,Norwich City,Man United,H,Oct. 27,Penalty awarded (missed by Marcus Rashford) for foul on Daniel James by Ben Godfrey,AGAINST,25
19/20,Norwich City,Man United,H,Oct. 27,Penalty awarded (missed by Anthony Martial) for handball by Todd Cantwell,AGAINST,41
19/20,Norwich City,Arsenal,H,Dec. 1,Pierre-Emerick Aubameyang missed penalty retaken (and scored) following encroachment by a defender,AGAINST,29
19/20,Norwich City,Sheffield United,H,Dec. 8,Red card for Chris Basham rescinded,AGAINST,74
19/20,Norwich City,Tottenham,H,Dec. 28,Teemu Pukki goal ruled out for offside,AGAINST,33
19/20,Norwich City,Crystal Palace,H,Jan. 1,Connor Wickham goal awarded after originally being ruled out for offside,AGAINST,85
19/20,Norwich City,Bournemouth,H,Jan. 18,Red card for Ben Godfrey for foul on Callum Wilson,AGAINST,76
19/20,Norwich City,Leicester,H,Feb. 28,Goal for Kelechi Iheanacho disallowed for handball,FOR,49
19/20,Norwich City,Burnley,H,July 18,Red card for Emiliano Buendia for an elbow on Ashley Westwood,AGAINST,33
19/20,Norwich City,Man City,A,July 26,Goal for Onel Hernandez ruled out for offside,AGAINST,7
20/21,Burnley,Man City,A,Nov. 28,Bailey Peacock-Farrell own goal disallowed for offside in the build-up against Gabriel Jesus,FOR,77
20/21,Burnley,Arsenal,A,Dec. 13,Granit Xhaka sent off for violent conduct on Ashley Westwood,FOR,58
20/21,Burnley,Man United,H,Jan. 12,"Man United free-kick and Robbie Brady red-card review cancelled for foul in the build-up by Luke Shaw, who was booked",NEUTRAL,0
20/21,Burnley,West Brom,H,Feb. 20,Semi Ajayi sent off for handball and denying an obvious goal-scoring opportunity,FOR,28
20/21,Burnley,Arsenal,H,March 6,Penalty and red card for handball against Erik Pieters cancelled,FOR,85
20/21,Burnley,Southampton,A,April 4,Penalty awarded (scored by Chris Wood) for foul on Erik Pieters by Kyle Walker-Peters,FOR,8
20/21,Burnley,Wolves,A,April 25,Matej Vydra goal disallowed for offside,AGAINST,50
20/21,Everton,West Brom,H,Sept. 19,Dominic Calvert-Lewin goal awarded after originally ruled out for offside,FOR,31
20/21,Everton,Crystal Palace,A,Sept. 26,Penalty awarded (scored by Richarlison) for handball by Joel Ward,FOR,41
20/21,Everton,Liverpool,H,Oct. 17,Jordan Henderson goal ruled out for offside against Sadio Mane,FOR,90
20/21,Everton,Chelsea,H,Dec. 12,Penalty cancelled for offside against Dominic Calvert-Lewin,AGAINST,63
20/21,Everton,Leicester,A,Dec. 16,Penalty cancelled for challenge on Ayoze Perez by Andre Gomes,FOR,81
20/21,Everton,Liverpool,A,Feb. 20,Penalty overturn review rejected after Trent Alexander-Arnold had brought down Dominic Calvert-Lewin,FOR,81
20/21,Everton,Southampton,H,March 1,Michael Keane goal disallowed for offside in the build-up against Mason Holgate,AGAINST,25
20/21,Everton,Arsenal,A,April 23,Arsenal penalty rescinded for offside in the build-up against Nicolas Pepe,FOR,51
20/21,Chelsea,Liverpool,H,Sept. 20,Andreas Christensen sent off for denying a goal-scoring opportunity when bringing down Sadio Mane,AGAINST,45
20/21,Chelsea,Everton,A,Dec. 12,Penalty cancelled for offside against Dominic Calvert-Lewin,FOR,63
20/21,Chelsea,Wolves,A,Dec. 15,Penalty cancelled for challenge on Pedro Neto by Reece James,FOR,81
20/21,Chelsea,Arsenal,A,Dec. 26,Tammy Abraham goal awarded after incorrect offside,FOR,85
20/21,Chelsea,Leicester,A,Jan. 19,Penalty cancelled as Jonny Evans' foul on Christian Pulisic was outside the area,AGAINST,39
20/21,Chelsea,Sheffield United,A,Feb. 7,Penalty for Ben Chilwell's challenge on Chris Basham cancelled for offside,FOR,11
20/21,Chelsea,Sheffield United,A,Feb. 7,Penalty awarded (scored by Jorginho) for Aaron Ramsdale's challenge on Timo Werner,FOR,58
20/21,Chelsea,Man United,H,Feb. 28,Penalty review rejected for handball against Callum Hudson-Odoi,FOR,15
20/21,Chelsea,Liverpool,A,March 4,Timo Werner goal disallowed for offside,AGAINST,24
20/21,Chelsea,West Ham,A,April 24,Fabian Balbuena yellow card upgraded to red for foul on Ben Chilwell,FOR,79
20/21,Chelsea,Arsenal,H,May 12,Christian Pulisic goal disallowed for offside,AGAINST,60
20/21,Chelsea,Leicester,H,May 18,Timo Werner goal disallowed for handball,AGAINST,35
20/21,Fulham,Aston Villa,H,Sept. 28,Bobby Decordova-Reid goal disallowed for foul in the build-up by Aleksandar Mitrovic,AGAINST,56
20/21,Fulham,Sheffield United,A,Oct. 18,Penalty awarded (scored by Billy Sharp) for foul on Jack Robinson by Aleksandar Mitrovic,AGAINST,85
20/21,Fulham,Crystal Palace,H,Oct. 24,Aboubakar Kamara sent off for foul on Eberechi Eze,AGAINST,86
20/21,Fulham,West Ham,A,Nov. 7,Penalty awarded (missed by Ademola Lookman) for foul on Tom Cairney by Saïd Benrahma,FOR,95
20/21,Fulham,Leicester,A,Nov. 30,Penalty awarded (scored by Ivan Cavaleiro) for foul on Bobby De Cordova-Reid by Christian Fuchs,FOR,35
20/21,Fulham,Liverpool,H,Dec. 13,Penalty review rejected by referee Andre Marriner following Fabinho challenge on Ivan Cavaleiro,AGAINST,16
20/21,Fulham,Brighton,H,Dec. 16,Adam Lallana goal disallowed for handball in the build-up by Danny Welbeck,FOR,49
20/21,Fulham,Newcastle,A,Dec. 19,Joachim Andersen sent off for denying a goal-scoring opportunity following challenge on Callum Wilson,AGAINST,62
20/21,Fulham,Southampton,H,Dec. 26,Goal (scored by Theo Walcott) disallowed for offside against Che Adams,FOR,85
20/21,Fulham,West Ham,H,Feb. 6,Tomas Soucek sent off for elbow on Aleksandar Mitrovic,FOR,90
20/21,Fulham,Tottenham,H,March 4,Josh Maja goal disallowed for handball in the build-up by Mario Lemina,AGAINST,64
20/21,Fulham,Leeds,H,March 19,Luke Ayling goal disallowed for offside against Tyler Roberts in the build-up,FOR,8
20/21,Fulham,Aston Villa,A,April 4,Penalty cancelled. Mario Lemina adjudged not to have fouled Ollie Watkins,FOR,45
20/21,Fulham,Wolves,H,April 9,Willian Jose goal disallowed for offside in the build-up against Daniel Podence,FOR,45
20/21,Fulham,Arsenal,A,April 18,Dani Ceballos goal disallowed for offside in the build-up against Bukayo Saka,FOR,40
20/21,Sheffield United,Fulham,H,Oct. 18,Penalty awarded (scored by Billy Sharp) for foul on Jack Robinson by Aleksandar Mitrovic,FOR,85
20/21,Sheffield United,Liverpool,A,Oct. 24,Penalty awarded (scored by Sander Berge) for foul on Oliver McBurnie by Fabinho. Factual decision on where foul took place,FOR,10
20/21,Sheffield United,Liverpool,A,Oct. 24,Mohamed Salah goal disallowed for offside,FOR,62
20/21,Sheffield United,Brighton,A,Dec. 20,John Lundstram sent off for challenge on Joel Veltman,AGAINST,40
20/21,Sheffield United,Newcastle,H,Jan. 12,Penalty awarded (scored by Billy Sharp) for handball by Federico Fernandez,FOR,73
20/21,Sheffield United,Chelsea,H,Feb. 7,Penalty for Ben Chilwell's challenge on Chris Basham cancelled for offside,AGAINST,11
20/21,Sheffield United,Chelsea,H,Feb. 7,Penalty awarded (scored by Jorginho) for Aaron Ramsdale's challenge on Timo Werner,AGAINST,58
20/21,Sheffield United,West Ham,A,Feb. 15,Penalty cancelled after Craig Dawson ruled offside before being fouled by Edna Stevens,FOR,5
20/21,Sheffield United,Aston Villa,H,March 3,Phil Jagielka sent off for professional foul on Anwar El Ghazi,AGAINST,57
20/21,Sheffield United,Brighton,H,April 24,Jakub Moder goal disallowed for offside,FOR,56
20/21,Sheffield United,Tottenham,A,May 2,Son Heung-Min goal disallowed for offside,FOR,50
20/21,Aston Villa,Fulham,A,Sept. 28,Bobby Decordova-Reid goal disallowed for foul in the build-up by Aleksandar Mitrovic,FOR,56
20/21,Aston Villa,Southampton,H,Nov. 1,Ezri Konsa own goal disallowed for offside against Che Adams,FOR,3
20/21,Aston Villa,Arsenal,A,Nov. 8,John McGinn goal disallowed for offside against Ross Barkley,AGAINST,1
20/21,Aston Villa,Brighton,H,Nov. 21,Penalty rescinded after Solly March adjudged not to have fouled Trezeguet,AGAINST,92
20/21,Aston Villa,West Ham,A,Nov. 30,Ollie Watkins goal disallowed for offside,AGAINST,92
20/21,Aston Villa,West Brom,A,Dec. 20,Jake Livermore sent off for high tackle on Jack Grealish,FOR,36
20/21,Aston Villa,West Brom,A,Dec. 20,Ollie Watkins goal ruled out for offside,AGAINST,72
20/21,Aston Villa,Crystal Palace,H,Dec. 26,Penalty review rejected by referee Anthony Taylor following Matty Cash challenge on Patrick van Aanholt,FOR,24
20/21,Aston Villa,Sheffield United,A,March 3,Phil Jagielka sent off for professional foul on Anwar El Ghazi,FOR,57
20/21,Aston Villa,Fulham,H,April 4,Penalty cancelled. Mario Lemina adjudged not to have fouled Ollie Watkins,AGAINST,45
20/21,Aston Villa,Liverpool,A,April 10,Roberto Firmino goal ruled out for offside against Diogo Jota in the build-up,FOR,45
20/21,Aston Villa,Man City,H,April 21,John Stones yellow changed to red for high challenge on Jacob Ramsey,FOR,42
20/21,Leicester City,West Ham,H,Oct. 4,Jamie Vardy offside in build-up to Harvey Barnes goal,AGAINST,90
20/21,Leicester City,Leeds,A,Nov. 2,Penalty awarded (scored by Youri Tielemans) for foul on James Maddison by Mateusz Klich,FOR,88
20/21,Leicester City,Wolves,H,Nov. 8,Penalty awarded (scored by Jamie Vardy) for handball by Max Kilman,FOR,14
20/21,Leicester City,Fulham,H,Nov. 30,Penalty awarded (scored by Ivan Cavaleiro) for foul on Bobby De Cordova-Reid by Christian Fuchs,AGAINST,35
20/21,Leicester City,Everton,H,Dec. 16,Penalty cancelled for challenge on Ayoze Perez by Andre Gomes,AGAINST,81
20/21,Leicester City,Tottenham,A,Dec. 20,Penalty awarded (scored by Jamie Vardy) after foul on Wesley Fofana by Serge Aurier,FOR,45
20/21,Leicester City,Tottenham,A,Dec. 20,James Maddison goal ruled out for offside,AGAINST,47
20/21,Leicester City,Chelsea,H,Jan. 19,Penalty cancelled as Jonny Evans' foul on Christian Pulisic was outside the area,FOR,39
20/21,Leicester City,Liverpool,H,Feb. 13,Penalty cancelled after Thiago's foul on Harvey Barnes adjudged to be outside the area,AGAINST,76
20/21,Leicester City,Liverpool,H,Feb. 13,James Maddison goal allowed after incorrect offside against Daniel Amartey,FOR,79
20/21,Leicester City,Arsenal,H,Feb. 28,Penalty cancelled as foul on Nicolas Pepe by Wilfred Ndidi deemed outside the area,FOR,14
20/21,Leicester City,Arsenal,H,Feb. 28,Penalty awarded (scored by Alexandre Lacazette) for handball against Wilfred Ndidi,AGAINST,45
20/21,Leicester City,West Ham,A,April 11,Issa Diop goal ruled out for offside,FOR,54
20/21,Leicester City,Chelsea,A,May 18,Timo Werner goal disallowed for handball,FOR,35
20/21,Leicester City,Tottenham,H,May 23,Penalty awarded (scored by Jamie Vardy) for foul on Vardy by Toby Alderweireld,FOR,16
20/21,Brighton & Hove Albion,Newcastle,A,Sept. 20,Neal Maupay goal allowed after being ruled out for offside,FOR,8
20/21,Brighton & Hove Albion,Newcastle,A,Sept. 20,Yves Bissouma sent off for dangerous challenge on Jamal Lewis,AGAINST,86
20/21,Brighton & Hove Albion,Man United,H,Sept. 26,Penalty cancelled for challenge on Aaron Connolly by Paul Pogba,AGAINST,48
20/21,Brighton & Hove Albion,Man United,H,Sept. 26,Marcus Rashford goal disallowed for offside,FOR,52
20/21,Brighton & Hove Albion,Man United,H,Sept. 26,Penalty awarded (scored by Bruno Fernandes) for handball against Neal Maupay,AGAINST,90
20/21,Brighton & Hove Albion,Tottenham,A,Nov. 1,Penalty awarded (scored by Harry Kane) after foul on Kane by Adam Lallana adjudged to be inside the area,AGAINST,11
20/21,Brighton & Hove Albion,Tottenham,A,Nov. 1,Goal for Tariq Lamptey stands after Graham Scott rejects VAR review for foul in the build-up by Solly March on Pierre-Emile Hojbjerg,FOR,56
20/21,Brighton & Hove Albion,Aston Villa,A,Nov. 21,Penalty rescinded after Solly March adjudged not to have fouled Trezeguet,FOR,92
20/21,Brighton & Hove Albion,Liverpool,H,Nov. 28,Mohamed Salah goal disallowed for offside,FOR,35
20/21,Brighton & Hove Albion,Liverpool,H,Nov. 28,Offside against Sadio Mane after scoring,FOR,85
20/21,Brighton & Hove Albion,Liverpool,H,Nov. 28,Penalty awarded (scored by Pascal Gross) for a foul on Danny Welbeck by Andrew Robertson,FOR,92
20/21,Brighton & Hove Albion,Southampton,H,Dec. 7,Penalty conceded (scored by Danny Ings) after Solly March adjudged to have fouled Kyle Walker-Peters inside the area,AGAINST,80
20/21,Brighton & Hove Albion,Fulham,A,Dec. 16,Adam Lallana goal disallowed for handball in the build-up by Danny Welbeck,AGAINST,49
20/21,Brighton & Hove Albion,Sheffield United,H,Dec. 20,John Lundstram sent off for challenge on Joel Veltman,FOR,40
20/21,Brighton & Hove Albion,West Brom,A,Feb. 27,Penalty conceded (missed by Pascal Gross) for handball against Okay Yokuslu,FOR,17
20/21,Brighton & Hove Albion,West Brom,A,Feb. 27,Lewis Dunk goal disallowed as referee Lee Mason had blown his whistle before the ball crossed the line,AGAINST,37
20/21,Brighton & Hove Albion,Sheffield United,A,April 24,Jakub Moder goal disallowed for offside,AGAINST,56
20/21,Crystal Palace,Southampton,H,Sept. 12,Red card for Kyle Walker-Peters rescinded,AGAINST,51
20/21,Crystal Palace,Man United,A,Sept. 19,Penalty awarded (missed by Jordan Ayew) for handball by Victor Lindelof,FOR,70
20/21,Crystal Palace,Man United,A,Sept. 19,Penalty retaken (scored by Wilfried Zaha) for encroachment by David de Gea,FOR,73
20/21,Crystal Palace,Everton,H,Sept. 26,Penalty awarded (scored by Richarlison) for handball by Joel Ward,AGAINST,41
20/21,Crystal Palace,Leeds,H,Nov. 7,Patrick Bamford goal disallowed for offside,FOR,19
20/21,Crystal Palace,Fulham,A,Oct. 24,Aboubakar Kamara sent off for foul on Eberechi Eze,FOR,86
20/21,Crystal Palace,Wolves,A,Oct. 30,Penalty for Crystal Palace cancelled for offside against Patrick van Aanholt,AGAINST,38
20/21,Crystal Palace,Wolves,A,Oct. 30,Luka Milivojevic sent off for a challenge on Joao Moutinho,AGAINST,85
20/21,Crystal Palace,WBA,A,Dec. 6,Matheus Pereira sent off for challenge on Patrick van Aanholt,FOR,35
20/21,Crystal Palace,Aston Villa,A,Dec. 26,Penalty review rejected by referee Anthony Taylor following Matty Cash challenge on Patrick van Aanholt,AGAINST,24
20/21,Crystal Palace,West Brom,H,March 13,Penalty conceded (scored by Luka Milivojevic) for handball against Darnell Furlong,FOR,34
20/21,Leeds,Wolves,H,Oct. 19,Goal for Romain Saiss disallowed for offside in the build-up by Daniel Podence,FOR,54
20/21,Leeds,Leicester,H,Nov. 2,Penalty awarded (scored by Youri Tielemans) for foul on James Maddison by Mateusz Klich,AGAINST,88
20/21,Leeds,Crystal Palace,A,Nov. 7,Patrick Bamford goal disallowed for offside,AGAINST,19
20/21,Leeds,Arsenal,H,Nov. 22,Nicolas Pepe sent off for headbutt on Ezgjan Alioski,FOR,51
20/21,Leeds,West Ham,H,Dec. 11,Penalty retaken (scored by Mateusz Klich) for encroachment by Lukasz Fabianski,FOR,6
20/21,Leeds,Arsenal,A,Feb. 14,Penalty cancelled after Liam Cooper adjudged not to have fouled Bukayo Saka,FOR,35
20/21,Leeds,Southampton,H,Feb. 23,Penalty cancelled after Diego Llorente adjudged not to have fouled Nathan Tella,FOR,33
20/21,Leeds,Fulham,A,March 19,Luke Ayling goal disallowed for offside against Tyler Roberts in the build-up,AGAINST,8
20/21,Leeds,Man City,A,April 10,Liam Cooper card upgraded from yellow to red for high challenge on Gabriel Jesus,AGAINST,45
20/21,Manchester City,Liverpool,H,Nov. 8,Penalty awarded (missed by Kevin De Bruyne) for handball against Joe Gomez,FOR,41
20/21,Manchester City,Tottenham,A,Nov. 21,Aymeric Laporte goal disallowed for handball by Gabriel Jesus,AGAINST,27
20/21,Manchester City,Burnley,H,Nov. 28,Bailey Peacock-Farrell own goal disallowed for offside in the build-up against Gabriel Jesus,AGAINST,77
20/21,Manchester City,Man United,A,Dec. 12,Penalty cancelled for offside against Marcus Rashford,FOR,38
20/21,Manchester City,West Brom,A,Jan. 26,Ilkay Gundogan goal awarded after incorrect offside against Bernardo Silva,FOR,20
20/21,Manchester City,Wolves,H,March 2,Gabriel Jesus goal allowed after incorrect offside,FOR,90
20/21,Manchester City,Leeds,H,April 10,Liam Cooper card upgraded from yellow to red for high challenge on Gabriel Jesus,FOR,45
20/21,Manchester City,Aston Villa,A,April 21,John Stones yellow changed to red for high challenge on Jacob Ramsey,AGAINST,42
20/21,Manchester City,Newcastle,A,May 14,Penalty awarded (scored by Joelinton) after incorrect offside against Allan Saint-Maximin,AGAINST,45
20/21,Manchester United,Crystal Palace,H,Sept. 19,Penalty awarded (missed by Jordan Ayew) for handball by Victor Lindelof,AGAINST,70
20/21,Manchester United,Crystal Palace,H,Sept. 19,Penalty retaken (scored by Wilfried Zaha) for encroachment by David de Gea,AGAINST,73
20/21,Manchester United,Brighton,A,Sept. 26,Penalty cancelled for challenge on Aaron Connolly by Paul Pogba,FOR,48
20/21,Manchester United,Brighton,A,Sept. 26,Marcus Rashford goal disallowed for offside,AGAINST,52
20/21,Manchester United,Brighton,A,Sept. 26,Penalty awarded (scored by Bruno Fernandes) for handball against Neal Maupay,FOR,90
20/21,Manchester United,Newcastle,A,Oct. 17,Bruno Fernandes goal ruled out for offside against Juan Mata,AGAINST,19
20/21,Manchester United,Newcastle,A,Oct. 17,Penalty awarded (missed by Bruno Fernandes) for foul on Marcus Rashford by Jamal Lewis,FOR,54
20/21,Manchester United,West Brom,H,Nov. 21,WBA penalty cancelled after Bruno Fernandes adjudged not to have fouled Conor Gallagher,FOR,47
20/21,Manchester United,West Brom,H,Nov. 21,Penalty retake (scored by Bruno Fernandes) after encroachment by Sam Johnstone,FOR,56
20/21,Manchester United,Man City,H,Dec. 12,Penalty cancelled for offside against Marcus Rashford,AGAINST,38
20/21,Manchester United,Burnley,A,Jan. 12,"Man United free-kick and Robbie Brady red-card review cancelled for foul in the build-up by Luke Shaw, who was booked",NEUTRAL,0
20/21,Manchester United,Southampton,H,Feb. 2,Penalty cancelled after Kayne Ramsay's foul on Edinson Cavani ruled outside the area,AGAINST,42
20/21,Manchester United,Southampton,H,Feb. 2,Goal for Che Adams disallowed for offside,FOR,53
20/21,Manchester United,Southampton,H,Feb. 2,Jan Bednarek sent off for denying an obvious goal-scoring opportunity,FOR,53
20/21,Manchester United,West Brom,A,Feb. 14,Penalty cancelled after Semi Ajayi adjudged not to have fouled Harry Maguire,AGAINST,64
20/21,Manchester United,Chelsea,A,Feb. 28,Penalty review rejected for handball against Callum Hudson-Odoi,AGAINST,15
20/21,Manchester United,Tottenham,A,April 11,Edinson Cavani goal ruled out for foul on Son Heung-Min by Scott McTominay,AGAINST,33
20/21,Manchester United,Liverpool,H,May 13,Penalty cancelled for challenge on Nathaniel Phillips by Eric Bailly,FOR,27
20/21,Manchester United,Wolves,A,May 23,Penalty awarded (missed by Juan Mata but scored on the rebound) for foul on Donny van de Beek by Romain Saiss,FOR,45
20/21,Newcastle,Brighton,H,Sept. 20,Neal Maupay goal allowed after being ruled out for offside,AGAINST,8
20/21,Newcastle,Brighton,H,Sept. 20,Yves Bissouma sent off for dangerous challenge on Jamal Lewis,FOR,86
20/21,Newcastle,Tottenham,A,Sept. 27,Penalty awarded (scored by Callum Wilson) for handball by Eric Dier,FOR,90
20/21,Newcastle,Man United,H,Oct. 17,Bruno Fernandes goal ruled out for offside against Juan Mata,FOR,19
20/21,Newcastle,Man United,H,Oct. 17,Penalty awarded (missed by Bruno Fernandes) for foul on Marcus Rashford by Jamal Lewis,AGAINST,54
20/21,Newcastle,Fulham,H,Dec. 19,Joachim Andersen sent off for denying a goal-scoring opportunity following challenge on Callum Wilson,FOR,62
20/21,Newcastle,Sheffield United,A,Jan. 12,Penalty awarded (scored by Billy Sharp) for handball by Federico Fernandez,AGAINST,73
20/21,Newcastle,West Ham,H,April 17,Penalty awarded (scored by Jesse Lingard) for handball by Ciaran Clark,AGAINST,76
20/21,Newcastle,Liverpool,A,April 24,Callum Wilson goal disallowed for handball,AGAINST,92
20/21,Newcastle,Man City,H,May 14,Penalty awarded (scored by Joelinton) after incorrect offside against Allan Saint-Maximin,FOR,45
20/21,Southampton,Crystal Palace,A,Sept. 12,Red card for Kyle Walker-Peters rescinded,FOR,51
20/21,Southampton,Tottenham,H,Sept. 20,Goal (scored by Harry Kane) disallowed for offside against Son Heung-Min,FOR,3
20/21,Southampton,Tottenham,H,Sept. 20,Penalty awarded (scored by Danny Ings) for handball by Matt Doherty,FOR,90
20/21,Southampton,Aston Villa,A,Nov. 1,Ezri Konsa own goal disallowed for offside against Che Adams,AGAINST,3
20/21,Southampton,Brighton,A,Dec. 7,Penalty conceded (scored by Danny Ings) after Solly March adjudged to have fouled Kyle Walker-Peters inside the area,FOR,80
20/21,Southampton,Fulham,A,Dec. 26,Goal (scored by Theo Walcott) disallowed for offside against Che Adams,AGAINST,85
20/21,Southampton,Man United,A,Feb. 2,Penalty cancelled after Kayne Ramsay's foul on Edinson Cavani ruled outside the area,FOR,42
20/21,Southampton,Man United,A,Feb. 2,Goal for Che Adams disallowed for offside,AGAINST,53
20/21,Southampton,Man United,A,Feb. 2,Jan Bednarek sent off for denying an obvious goal-scoring opportunity,AGAINST,53
20/21,Southampton,Leeds,A,Feb. 23,Penalty cancelled after Diego Llorente adjudged not to have fouled Nathan Tella,AGAINST,33
20/21,Southampton,Everton,A,March 1,Michael Keane goal disallowed for offside in the build-up against Mason Holgate,FOR,25
20/21,Southampton,Burnley,H,April 4,Penalty awarded (scored by Chris Wood) for foul on Erik Pieters by Kyle Walker-Peters,AGAINST,8
20/21,Southampton,Tottenham,A,April 21,Son Heung-Min goal disallowed for offside against Lucas Moura in the goalkeeper's line of vision,FOR,74
20/21,Southampton,Tottenham,A,April 21,Penalty awarded (scored by Son Heung-Min) after foul by Moussa Djenepo on Sergio Reguilon adjudged to be inside the area,AGAINST,86
20/21,West Ham,Newcastle United,H,Sept. 12,Yellow card for Tomas Soucek switched to Andriy Yarmolenko due to mistaken identity by the referee.,None,0
20/21,West Ham,Leicester,A,Oct. 4,Jamie Vardy offside in build-up to Harvey Barnes goal,FOR,90
20/21,West Ham,Liverpool,A,Oct. 31,Diojo Jota goal disallowed for a foul by Sadio Mane,FOR,82
20/21,West Ham,Fulham,H,Nov. 7,Penalty awarded (missed by Ademola Lookman) for foul on Tom Cairney by Saïd Benrahma,AGAINST,95
20/21,West Ham,Aston Villa,H,Nov. 30,Ollie Watkins goal disallowed for offside,FOR,92
20/21,West Ham,Leeds,A,Dec. 11,Penalty retaken (scored by Mateusz Klich) for encroachment by Lukasz Fabianski,AGAINST,6
20/21,West Ham,Fulham,A,Feb. 6,Tomas Soucek sent off for elbow on Aleksandar Mitrovic,AGAINST,90
20/21,West Ham,Sheffield United,H,Feb. 15,Penalty cancelled after Craig Dawson ruled offside before being fouled by Edna Stevens,AGAINST,5
20/21,West Ham,Tottenham,H,Feb. 21,Goal for Jesse Lingard allowed after incorrect offside,FOR,47
20/21,West Ham,Leicester,H,April 11,Issa Diop goal ruled out for offside,AGAINST,54
20/21,West Ham,Newcastle,A,April 17,Penalty awarded (scored by Jesse Lingard) for handball by Ciaran Clark,FOR,76
20/21,West Ham,Chelsea,H,April 24,Fabian Balbuena yellow card upgraded to red for foul on Ben Chilwell,AGAINST,79
20/21,Tottenham Hotspur,Southampton,A,Sept. 20,Goal (scored by Harry Kane) disallowed for offside against Son Heung-Min,AGAINST,3
20/21,Tottenham Hotspur,Southampton,A,Sept. 20,Penalty awarded (scored by Danny Ings) for handball by Matt Doherty,AGAINST,90
20/21,Tottenham Hotspur,Newcastle,H,Sept. 27,Penalty awarded (scored by Callum Wilson) for handball by Eric Dier,AGAINST,90
20/21,Tottenham Hotspur,Brighton,H,Nov. 1,Penalty awarded (scored by Harry Kane) after foul on Kane by Adam Lallana adjudged to be inside the area,FOR,11
20/21,Tottenham Hotspur,Brighton,H,Nov. 1,Goal for Tariq Lamptey stands after Graham Scott rejects VAR review for foul in the build-up by Solly March on Pierre-Emile Hojbjerg,AGAINST,56
20/21,Tottenham Hotspur,Man City,H,Nov. 21,Aymeric Laporte goal disallowed for handball by Gabriel Jesus,FOR,27
20/21,Tottenham Hotspur,Leicester,H,Dec. 20,Penalty awarded (scored by Jamie Vardy) after foul on Wesley Fofana by Serge Aurier,AGAINST,45
20/21,Tottenham Hotspur,Leicester,H,Dec. 20,James Maddison goal ruled out for offside,FOR,47
20/21,Tottenham Hotspur,Liverpool,H,Jan. 28,Son Heung-Min goal disallowed for offside in the build-up,AGAINST,3
20/21,Tottenham Hotspur,Liverpool,H,Jan. 28,Mohamed Salah goal ruled out for handball in the build-up by Roberto Firmino,FOR,56
20/21,Tottenham Hotspur,West Ham,A,Feb. 21,Goal for Jesse Lingard allowed after incorrect offside,AGAINST,47
20/21,Tottenham Hotspur,Fulham,A,March 4,Josh Maja goal disallowed for handball in the build-up by Mario Lemina,FOR,64
20/21,Tottenham Hotspur,Man United,H,April 11,Edinson Cavani goal ruled out for foul on Son Heung-Min by Scott McTominay,FOR,33
20/21,Tottenham Hotspur,Southampton,H,April 21,Son Heung-Min goal disallowed for offside against Lucas Moura in the goalkeeper's line of vision,AGAINST,74
20/21,Tottenham Hotspur,Southampton,H,April 21,Penalty awarded (scored by Son Heung-Min) after foul by Moussa Djenepo on Sergio Reguilon adjudged to be inside the area,FOR,86
20/21,Tottenham Hotspur,Sheffield United,H,May 2,Son Heung-Min goal disallowed for offside,AGAINST,50
20/21,Tottenham Hotspur,Leicester,A,May 23,Penalty awarded (scored by Jamie Vardy) for foul on Vardy by Toby Alderweireld,AGAINST,16
20/21,Wolves,Leeds,A,Oct. 19,Goal for Romain Saiss disallowed for offside in the build-up by Daniel Podence,AGAINST,54
20/21,Wolves,Crystal Palace,H,Oct. 30,Penalty for Crystal Palace cancelled for offside against Patrick van Aanholt,FOR,38
20/21,Wolves,Crystal Palace,H,Oct. 30,Luka Milivojevic sent off for a challenge on Joao Moutinho,FOR,85
20/21,Wolves,Leicester,A,Nov. 8,Penalty awarded (scored by Jamie Vardy) for handball by Max Kilman,AGAINST,14
20/21,Wolves,Liverpool,A,Dec. 6,"Penalty cancelled, Sadio Mane adjudged not to have fouled Conor Coady",AGAINST,44
20/21,Wolves,Chelsea,H,Dec. 15,Penalty cancelled for challenge on Pedro Neto by Reece James,AGAINST,81
20/21,Wolves,Arsenal,H,Feb. 2,Bukayo Saka goal disallowed for offside in the build-up against Alexandre Lacazette,FOR,9
20/21,Wolves,Man City,A,March 2,Gabriel Jesus goal allowed after incorrect offside,AGAINST,90
20/21,Wolves,Fulham,A,April 9,Willian Jose goal disallowed for offside in the build-up against Daniel Podence,AGAINST,45
20/21,Wolves,Burnley,H,April 25,Matej Vydra goal disallowed for offside,FOR,50
20/21,Wolves,Man United,H,May 23,Penalty awarded (missed by Juan Mata but scored on the rebound) for foul on Donny van de Beek by Romain Saiss,AGAINST,45
20/21,Arsenal,Aston Villa,H,Nov. 8,John McGinn goal disallowed for offside against Ross Barkley,FOR,1
20/21,Arsenal,Leeds,A,Nov. 22,Nicolas Pepe sent off for headbutt on Ezgjan Alioski,AGAINST,51
20/21,Arsenal,Burnley,H,Dec. 13,Granit Xhaka sent off for violent conduct on Ashley Westwood,AGAINST,58
20/21,Arsenal,Chelsea,H,Dec. 26,Tammy Abraham goal awarded after incorrect offside,AGAINST,85
20/21,Arsenal,Wolves,A,Feb. 2,Bukayo Saka goal disallowed for offside in the build-up against Alexandre Lacazette,AGAINST,9
20/21,Arsenal,Leeds,H,Feb. 14,Penalty cancelled after Liam Cooper adjudged not to have fouled Bukayo Saka,AGAINST,35
20/21,Arsenal,Leicester,A,Feb. 28,Penalty cancelled as foul on Nicolas Pepe by Wilfred Ndidi deemed outside the area,AGAINST,14
20/21,Arsenal,Leicester,A,Feb. 28,Penalty awarded (scored by Alexandre Lacazette) for handball against Wilfred Ndidi,FOR,45
20/21,Arsenal,Burnley,A,March 6,Penalty and red card for handball against Erik Pieters cancelled,AGAINST,85
20/21,Arsenal,Fulham,H,April 18,Dani Ceballos goal disallowed for offside in the build-up against Bukayo Saka,AGAINST,40
20/21,Arsenal,Everton,H,April 23,Arsenal penalty rescinded for offside in the build-up against Nicolas Pepe,AGAINST,51
20/21,Arsenal,Chelsea,A,May 12,Christian Pulisic goal disallowed for offside,FOR,60
20/21,Liverpool,Chelsea,A,Sept. 20,Andreas Christensen sent off for denying a goal-scoring opportunity when bringing down Sadio Mane,FOR,45
20/21,Liverpool,Everton,A,Oct. 17,Jordan Henderson goal ruled out for offside against Sadio Mane,AGAINST,90
20/21,Liverpool,Sheffield United,H,Oct. 24,Penalty awarded (scored by Sander Berge) for foul on Oliver McBurnie by Fabinho. Factual decision on where foul took place,AGAINST,10
20/21,Liverpool,Sheffield United,H,Oct. 24,Mohamed Salah goal disallowed for offside,AGAINST,62
20/21,Liverpool,West Ham,H,Oct. 31,Diojo Jota goal disallowed for a foul by Sadio Mane,AGAINST,82
20/21,Liverpool,Man City,A,Nov. 8,Penalty awarded (missed by Kevin De Bruyne) for handball against Joe Gomez,AGAINST,41
20/21,Liverpool,Brighton,A,Nov. 28,Mohamed Salah goal disallowed for offside,AGAINST,35
20/21,Liverpool,Brighton,A,Nov. 28,Offside against Sadio Mane after scoring,AGAINST,85
20/21,Liverpool,Brighton,A,Nov. 28,Penalty awarded (scored by Pascal Gross) for a foul on Danny Welbeck by Andrew Robertson,AGAINST,92
20/21,Liverpool,Wolves,H,Dec. 6,"Penalty cancelled, Sadio Mane adjudged not to have fouled Conor Coady",FOR,44
20/21,Liverpool,Fulham,A,Dec. 13,Penalty review rejected by referee Andre Marriner following Fabinho challenge on Ivan Cavaleiro,FOR,16
20/21,Liverpool,Tottenham,A,Jan. 28,Son Heung-Min goal disallowed for offside in the build-up,FOR,3
20/21,Liverpool,Tottenham,A,Jan. 28,Mohamed Salah goal ruled out for handball in the build-up by Roberto Firmino,AGAINST,56
20/21,Liverpool,Leicester,A,Feb. 13,Penalty cancelled after Thiago's foul on Harvey Barnes adjudged to be outside the area,FOR,76
20/21,Liverpool,Leicester,A,Feb. 13,James Maddison goal allowed after incorrect offside against Daniel Amartey,AGAINST,79
20/21,Liverpool,Everton,H,Feb. 20,Penalty overturn review rejected after Trent Alexander-Arnold had brought down Dominic Calvert-Lewin,AGAINST,81
20/21,Liverpool,Chelsea,H,March 4,Timo Werner goal disallowed for offside,FOR,24
20/21,Liverpool,Aston Villa,H,April 10,Roberto Firmino goal ruled out for offside against Diogo Jota in the build-up,AGAINST,45
20/21,Liverpool,Newcastle,H,April 24,Callum Wilson goal disallowed for handball,FOR,92
20/21,Liverpool,Man United,A,May 13,Penalty cancelled for challenge on Nathaniel Phillips by Eric Bailly,AGAINST,27
20/21,West Brom,Everton,A,Sept. 19,Dominic Calvert-Lewin goal awarded after originally ruled out for offside,AGAINST,31
20/21,West Brom,Man United,A,Nov. 21,WBA penalty cancelled after Bruno Fernandes adjudged not to have fouled Conor Gallagher,AGAINST,47
20/21,West Brom,Man United,A,Nov. 21,Penalty retake (scored by Bruno Fernandes) after encroachment by Sam Johnstone,AGAINST,56
20/21,West Brom,Crystal Palace,H,Dec. 6,Matheus Pereira sent off for challenge on Patrick van Aanholt,AGAINST,35
20/21,West Brom,Aston Villa,H,Dec. 20,Jake Livermore sent off for high tackle on Jack Grealish,AGAINST,36
20/21,West Brom,Aston Villa,H,Dec. 20,Ollie Watkins goal ruled out for offside,FOR,72
20/21,West Brom,Man City,H,Jan. 26,Ilkay Gundogan goal awarded after incorrect offside against Bernardo Silva,AGAINST,20
20/21,West Brom,Man United,H,Feb. 14,Penalty cancelled after Semi Ajayi adjudged not to have fouled Harry Maguire,FOR,64
20/21,West Brom,Burnley,A,Feb. 20,Semi Ajayi sent off for handball and denying an obvious goal-scoring opportunity,AGAINST,28
20/21,West Brom,Brighton,H,Feb. 27,Penalty conceded (missed by Pascal Gross) for handball against Okay Yokuslu,AGAINST,17
20/21,West Brom,Brighton,H,Feb. 27,Lewis Dunk goal disallowed as referee Lee Mason had blown his whistle before the ball crossed the line,FOR,37
20/21,West Brom,Crystal Palace,A,March 13,Penalty conceded (scored by Luka Milivojevic) for handball against Darnell Furlong,AGAINST,34
21/22,Liverpool,Burnley,H,Aug. 21,Mohamed Salah goal disallowed for offside,AGAINST,26
21/22,Liverpool,Chelsea,H,Aug. 28,"Penalty awarded (scored by Mohamed Salah) after handball on the line by Reece James, who was sent off",FOR,45
21/22,Liverpool,Brentford,A,Sept. 25,Mohamed Salah goal awarded after incorrect offside,FOR,54
21/22,Liverpool,Man United,A,Oct. 24,Cristiano Ronaldo goal disallowed for offside,FOR,52
21/22,Liverpool,Man United,A,Oct. 24,Paul Pogba yellow card upgraded to red for challenge on Naby Keita,FOR,69
21/22,Liverpool,Brighton,H,Oct. 30,Sadio Mane goal disallowed for handball,AGAINST,33
21/22,Liverpool,Tottenham,A,Dec. 19,Andrew Robertson sent off for challenge on Emerson Royal,AGAINST,75
21/22,Liverpool,Crystal Palace,A,Jan. 23,Penalty awarded (scored by Fabinho) for a foul on Diogo Jota by Vicente Guaita,FOR,85
21/22,Liverpool,Watford,H,April 2,Penalty awarded (scored by Fabinho) for a foul on Diogo Jota by Juraj Kucka,FOR,86
21/22,Liverpool,Man City,A,April 10,Raheem Sterling goal disallowed for offside,FOR,63
21/22,West Ham,Newcastle,A,Aug. 15,Aaron Cresswell goal allowed after being originally ruled out for offside,FOR,18
21/22,West Ham,Leicester,H,Aug. 23,Ayoze Perez sent off for challenge on Pablo Fornals,FOR,38
21/22,West Ham,Man United,H,Sept. 19,Penalty conceded (missed by Mark Noble) for handball by Luke Shaw,FOR,92
21/22,West Ham,Leeds,A,Sept. 25,Tomas Soucek goal ruled out for a foul on Illan Meslier by Michail Antonio,AGAINST,53
21/22,West Ham,Aston Villa,A,Oct. 31,Ezri Konsa yellow card upgraded to red for challenge on Jarrod Bowen (DOGSO),FOR,49
21/22,West Ham,Brighton,H,Dec. 1,Michail Antonio goal ruled out for offside,AGAINST,48
21/22,West Ham,Southampton,H,Dec. 26,Penalty conceded (scored by James Ward-Prowse) for foul by Craig Dawson on Armando Broja,AGAINST,57
21/22,West Ham,Watford,A,Dec. 28,Jarrod Bowen goal disallowed for a foul in the build-up by Tomas Soucek on Emmanuel Dennis,AGAINST,48
21/22,West Ham,Watford,A,Dec. 28,Penalty awarded (scored by Mark Noble) for foul on Jarrod Bowen by Daniel Bachmann,FOR,56
21/22,West Ham,Crystal Palace,A,Jan. 1,Penalty conceded (scored by Manuel Lanzini) for handball by Luka Milivojevic,FOR,45
21/22,West Ham,Norwich,H,Jan. 12,Jarrod Bowen goal allowed after being originally ruled out for offside,FOR,82
21/22,West Ham,Leeds,H,Jan. 16,Rodrigo goal ruled out for offside on the goal-line,FOR,73
21/22,West Ham,Chelsea,A,April 24,Craig Dawson yellow card upgraded to red for challenge on Romelu Lukaku (DOGSO),AGAINST,85
21/22,West Ham,Norwich,A,May 8,Sam Byram goal ruled out for handball,FOR,47
21/22,West Ham,Norwich,A,May 8,Penalty awarded (scored by Manuel Lanzini) for handball by Jacob Sorensen,FOR,62
21/22,West Ham,Man City,H,May 15,Penalty awarded (missed by Riyad Mahrez) for challenge by Craig Dawson on Gabriel Jesus,AGAINST,83
21/22,Arsenal,Burnley,A,Sept. 18,Penalty cancelled after Aaron Ramsdale originally penalised for bringing down Matej Vydra,FOR,69
21/22,Arsenal,Aston Villa,H,Oct. 22,Penalty conceded (missed by Pierre-Emerick Aubameyang but scored on the rebound) for a foul by Matt Targett on Alexandre Lacazette,FOR,45
21/22,Arsenal,Watford,H,Nov. 7,Bukayo Saka goal disallowed for offside,AGAINST,7
21/22,Arsenal,Man United,A,Dec. 2,Emile Smith Rowe goal allowed after VAR rules the ball had crossed the line before the referee's whistle was blown to stop play,FOR,13
21/22,Arsenal,Man United,A,Dec. 2,Penalty awarded (scored by Cristiano Ronaldo) for a foul by Martin Odegaard on Fred,AGAINST,68
21/22,Arsenal,Everton,A,Dec. 6,Richarlison goal disallowed for offside,FOR,44
21/22,Arsenal,Everton,A,Dec. 6,Richarlison goal disallowed for offside,FOR,57
21/22,Arsenal,Man City,H,Jan. 1,Penalty awarded (scored by Riyad Mahrez) for a foul by Granit Xhaka on Bernardo Silva,AGAINST,53
21/22,Arsenal,Brentford,H,Feb. 19,Christian Norgaard goal allowed after incorrect offside,AGAINST,90
21/22,Arsenal,Leicester,H,March 13,Penalty awarded (scored by Alexandre Lacazette) for handball by Caglar Soyuncu,FOR,55
21/22,Arsenal,Brighton,H,April 9,Gabriel Martinelli goal disallowed for offside,AGAINST,45
21/22,Arsenal,Man United,H,April 23,Eddie Nketiah goal disallowed for offside,AGAINST,27
21/22,Arsenal,Man United,H,April 23,Penalty awarded (scored by Bukayo Saka) for a foul by Alex Telles on Saka,FOR,27
21/22,Arsenal,Leeds,H,May 8,Luke Ayling yellow card upgraded to red for challenge on Gabriel Martinelli,FOR,25
21/22,Arsenal,Everton,H,May 22,Penalty awarded (scored by Gabriel Martinelli) for handball by Alex Iwobi,FOR,23
21/22,Brentford,Wolves,A,Sept. 18,"Ivan Toney goal which was originally ruled out for offside, was shown to be onside on review, but eventually ruled out on review for handball by the goal scorer",NEUTRAL,29
21/22,Brentford,Liverpool,H,Sept. 25,Mohamed Salah goal awarded after incorrect offside,AGAINST,54
21/22,Brentford,Burnley,A,Oct. 30,Maxwel Cornet goal disallowed for offside in the build-up against Chris Wood,FOR,15
21/22,Brentford,Norwich,H,Nov. 6,Bryan Mbeumo goal disallowed for offside,AGAINST,49
21/22,Brentford,Everton,H,Nov. 28,Penalty awarded (scored by Ivan Toney) for foul on Frank Onyeka by Andros Townsend,FOR,20
21/22,Brentford,Man City,H,Dec. 29,Aymeric Laporte goal disallowed for offside,FOR,87
21/22,Brentford,Wolves,H,Jan. 22,Red card for Toti rescinded following challenge on Kristoffer Ajer,AGAINST,68
21/22,Brentford,Wolves,H,Jan. 22,Adama Traore goal disallowed for offside,FOR,90
21/22,Brentford,Arsenal,A,Feb. 19,Christian Norgaard goal allowed after incorrect offside,FOR,90
21/22,Brentford,Newcastle,H,Feb. 26,Josh Dasilva sent off for challenge on Matt Targett,AGAINST,9
21/22,Brentford,Norwich,A,March 5,Penalty awarded (scored by Ivan Toney) for foul on Pontus Jansson by Ben Gibson,FOR,49
21/22,Brentford,Norwich,A,March 5,Milot Rashica goal disallowed for offside in the build-up against Teemu Pukki,FOR,67
21/22,Brentford,Norwich,A,March 5,Bryan Mbeumo goal disallowed for offside in the build-up against Ethan Pinnock,AGAINST,76
21/22,Brentford,Watford,A,April 16,Emmanuel Dennis goal allowed after incorrect offside in the build-up against Ismaila Sarr,AGAINST,55
21/22,Brentford,Man United,A,May 2,Cristiano Ronaldo goal disallowed for offside,FOR,44
21/22,Brentford,Leeds,H,May 22,Joe Gelhardt goal disallowed for offside,FOR,19
21/22,Manchester City,Norwich,H,Aug. 21,Ferran Torres goal ruled out for foul by Bernardo Silva on Milot Rashica in build-up,AGAINST,15
21/22,Manchester City,Southampton,H,Sept. 18,Penalty and red card for Kyle Walker cancelled after being awarded for foul on Adam Armstrong,FOR,61
21/22,Manchester City,Crystal Palace,H,Oct. 30,Gabriel Jesus goal disallowed for offside in the build-up against Phil Foden,AGAINST,60
21/22,Manchester City,Everton,H,Nov. 21,Penalty cancelled after Michael Keane adjudged not to have fouled Raheem Sterling,AGAINST,35
21/22,Manchester City,Newcastle,A,Dec. 19,Riyad Mahrez goal allowed after being originally ruled out for offside,FOR,63
21/22,Manchester City,Leicester,H,Dec. 26,Penalty awarded (scored by Riyad Mahrez) for foul on Aymeric Laporte by Youri Tielemans,FOR,12
21/22,Manchester City,Brentford,A,Dec. 29,Aymeric Laporte goal disallowed for offside,AGAINST,87
21/22,Manchester City,Arsenal,A,Jan. 1,Penalty awarded (scored by Riyad Mahrez) for a foul by Granit Xhaka on Bernardo Silva,FOR,53
21/22,Manchester City,Tottenham,H,Feb. 19,Harry Kane goal ruled out for offside in the build-up against Dejan Kulusevski,FOR,73
21/22,Manchester City,Tottenham,H,Feb. 19,Penalty awarded (scored by Riyad Mahrez) for handball against Cristian Romero,FOR,89
21/22,Manchester City,Man United,H,March 6,Riyad Mahrez goal allowed after incorrect offside,FOR,90
21/22,Manchester City,Liverpool,H,April 10,Raheem Sterling goal disallowed for offside,AGAINST,63
21/22,Manchester City,West Ham,A,May 15,Penalty awarded (missed by Riyad Mahrez) for challenge by Craig Dawson on Gabriel Jesus,FOR,83
21/22,Southampton,Newcastle,A,Aug. 28,Penalty awarded (scored by James Ward-Prowse) for foul by Jamaal Lascelles on Adam Armstrong,FOR,90
21/22,Southampton,Man City,A,Sept. 18,Penalty and red card for Kyle Walker cancelled after being awarded for foul on Adam Armstrong,AGAINST,61
21/22,Southampton,Chelsea,A,Oct. 2,Timo Werner goal disallowed for a foul in the build-up by Cesar Azpilicueta on Kyle Walker-Peters,FOR,41
21/22,Southampton,Chelsea,A,Oct. 2,James Ward-Prowse yellow card upgraded to red following foul on Jorginho,AGAINST,74
21/22,Southampton,West Ham,A,Dec. 26,Penalty conceded (scored by James Ward-Prowse) for foul by Craig Dawson on Armando Broja,FOR,57
21/22,Southampton,Tottenham,H,Dec. 28,Harry Kane goal disallowed for offside,FOR,53
21/22,Southampton,Wolves,A,Jan. 15,Penalty awarded (scored by Raul Jimenez) for foul by Jan Bednarek on Rayan Ait-Nouri,AGAINST,33
21/22,Southampton,Tottenham,A,Feb. 9,Steven Bergwijn goal disallowed for offside,FOR,90
21/22,Southampton,Burnley,A,April 21,Jack Cork goal disallowed for offside,FOR,63
21/22,Watford,Norwich,A,Sept. 18,Ismaila Sarr goal allowed after being initially ruled out for offside against Josh King,FOR,80
21/22,Watford,Everton,A,Oct. 23,Josh King goal allowed after incorrect offside,FOR,13
21/22,Watford,Arsenal,A,Nov. 7,Bukayo Saka goal disallowed for offside,FOR,7
21/22,Watford,Man United,H,Nov. 20,Kiko Femenia goal disallowed after he encroached into the area to score a penalty rebound; Ismaila Sarr missed the retaken penalty,AGAINST,9
21/22,Watford,West Ham,H,Dec. 28,Jarrod Bowen goal disallowed for a foul in the build-up by Tomas Soucek on Emmanuel Dennis,FOR,48
21/22,Watford,West Ham,H,Dec. 28,Penalty awarded (scored by Mark Noble) for foul on Jarrod Bowen by Daniel Bachmann,AGAINST,56
21/22,Watford,Liverpool,A,Apr. 2,Penalty awarded (scored by Fabinho) for a foul on Diogo Jota by Juraj Kucka,AGAINST,86
21/22,Watford,Brentford,H,April 16,Emmanuel Dennis goal allowed after incorrect offside in the build-up against Ismaila Sarr,FOR,55
21/22,Watford,Burnley,H,April 30,Penalty overturned as Moussa Sissoko's challenge on Dwight McNeil outside the area,FOR,27
21/22,Brighton & Hove Albion,Liverpool,A,Oct. 30,Sadio Mane goal disallowed for handball,FOR,33
21/22,Brighton & Hove Albion,Newcastle,H,Nov. 6,Penalty awarded (scored by Leandro Trossard) for foul on Trossard by Ciaran Clark,FOR,20
21/22,Brighton & Hove Albion,Newcastle,H,Nov. 6,Robert Sanchez sent off for DOGSO on Callum Wilson,AGAINST,90
21/22,Brighton & Hove Albion,West Ham,A,Dec. 1,Michail Antonio goal ruled out for offside,FOR,48
21/22,Brighton & Hove Albion,Everton,A,Jan. 2,Penalty awarded (missed by Dominic Calvert-Lewin) for foul on Anthony Gordon by Enock Mwepu,AGAINST,22
21/22,Brighton & Hove Albion,Crystal Palace,H,Jan. 14,Penalty awarded (missed by Pascal Gross) for foul on Joel Veltman by Will Hughes,FOR,34
21/22,Brighton & Hove Albion,Crystal Palace,H,Jan. 14,Neal Maupay goal disallowed for a foul on Jack Butland,AGAINST,38
21/22,Brighton & Hove Albion,Man United,A,Feb. 15,Lewis Dunk yellow card upgraded to red for denying a goal-scoring chance on Anthony Elanga,AGAINST,53
21/22,Brighton & Hove Albion,Arsenal,A,April 9,Gabriel Martinelli goal disallowed for offside,FOR,45
21/22,Brighton & Hove Albion,Wolves,A,April 30,Penalty awarded (missed by Alexis Mac Allister) for handball by Romain Saiss,FOR,31
21/22,Chelsea,Liverpool,A,Aug. 28,"Penalty awarded (scored by Mohamed Salah) after handball on the line by Reece James, who was sent off",AGAINST,45
21/22,Chelsea,Southampton,H,Oct. 2,Timo Werner goal disallowed for a foul in the build-up by Cesar Azpilicueta on Kyle Walker-Peters,AGAINST,41
21/22,Chelsea,Southampton,H,Oct. 2,James Ward-Prowse yellow card upgraded to red following foul on Jorginho,FOR,74
21/22,Chelsea,Norwich,H,Oct. 23,Penalty awarded (missed by Mason Mount) after handball by Mathias Normann,FOR,83
21/22,Chelsea,Norwich,H,Oct. 23,Penalty retake ordered (scored by Mason Mount) after encroachment by Tim Krul,FOR,85
21/22,Chelsea,Leeds,H,Dec. 11,Penalty awarded (scored by Jorginho) for foul on Antonio Rudiger by Raphinha,FOR,55
21/22,Chelsea,Crystal Palace,A,Feb. 19,Hakim Ziyech goal disallowed for offside against Romelu Lukaku in the build-up,AGAINST,75
21/22,Chelsea,Norwich,A,March 10,Penalty awarded (scored by Teemu Pukki) for handball against Trevoh Chalobah,AGAINST,67
21/22,Chelsea,West Ham,H,April 24,Craig Dawson yellow card upgraded to red for challenge on Romelu Lukaku (DOGSO),FOR,85
21/22,Chelsea,Wolves,H,May 7,Ruben Loftus-Cheek goal disallowed for offside,AGAINST,38
21/22,Chelsea,Wolves,H,May 7,Penalty awarded (scored by Romelu Lukaku) for foul on Lukaku by Romain Saiss,FOR,52
21/22,Tottenham Hotspur,Newcastle,A,Oct. 17,Harry Kane goal allowed after being originally ruled out for offside,FOR,22
21/22,Tottenham Hotspur,Everton,A,Nov. 7,Penalty cancelled with Hugo Lloris adjudged not to have fouled Richarlison,FOR,64
21/22,Tottenham Hotspur,Everton,A,Nov. 7,Mason Holgate sent off for challenge on Pierre-Emile Hojbjerg,FOR,90
21/22,Tottenham Hotspur,Liverpool,H,Dec. 19,Andrew Robertson sent off for challenge on Emerson Royal,FOR,75
21/22,Tottenham Hotspur,Southampton,A,Dec. 28,Harry Kane goal disallowed for offside,AGAINST,53
21/22,Tottenham Hotspur,Southampton,H,Feb. 9,Steven Bergwijn goal disallowed for offside,AGAINST,90
21/22,Tottenham Hotspur,Man City,A,Feb. 19,Harry Kane goal ruled out for offside in the build-up against Dejan Kulusevski,AGAINST,73
21/22,Tottenham Hotspur,Man City,A,Feb. 19,Penalty awarded (scored by Riyad Mahrez) for handball against Cristian Romero,AGAINST,89
21/22,Tottenham Hotspur,Burnley,H,May 15,Penalty awarded (scored by Harry Kane) for handball by Ashley Barnes,FOR,45
21/22,Aston Villa,Newcastle,H,Aug. 21,Penalty conceded (scored by Anwar El Ghazi) for handball by Jamaal Lascelles,FOR,58
21/22,Aston Villa,Newcastle,H,Aug. 21,Penalty for Newcastle cancelled for offside in the build-up against Callum Wilson,FOR,76
21/22,Aston Villa,Arsenal,A,Oct. 22,Penalty conceded (missed by Pierre-Emerick Aubameyang but scored on the rebound) for a foul by Matt Targett on Alexandre Lacazette,AGAINST,45
21/22,Aston Villa,West Ham,H,Oct. 31,Ezri Konsa yellow card upgraded to red for challenge on Jarrod Bowen (DOGSO),AGAINST,49
21/22,Aston Villa,Crystal Palace,A,Nov. 27,Douglas Luiz red card rescinded following challenge on Cheikhou Kouyate,FOR,72
21/22,Aston Villa,Leicester,H,Dec. 5,Jacob Ramsey goal disallowed for kicking the ball from the possession of Kasper Schmeichel,AGAINST,45
21/22,Aston Villa,Newcastle,A,Feb. 13,"Penalty for Calum Chambers' challenge on Joe Willock cancelled, outside area",FOR,32
21/22,Aston Villa,Newcastle,A,Feb. 13,Ollie Watkins goal ruled out for offside,AGAINST,61
21/22,Crystal Palace,Newcastle,H,Oct. 23,Christian Benteke goal disallowed for foul by Marc Guehi on Ciaran Clark,AGAINST,87
21/22,Crystal Palace,Man City,A,Oct. 30,Gabriel Jesus goal disallowed for offside in the build-up against Phil Foden,FOR,60
21/22,Crystal Palace,Wolves,H,Nov. 6,Wilfried Zaha goal allowed after incorrect offside,FOR,61
21/22,Crystal Palace,Wolves,H,Nov. 6,Penalty cancelled as Joel Ward's challenge on Rayan Ait-Nouri was outside the box,FOR,69
21/22,Crystal Palace,Aston Villa,H,Nov. 27,Douglas Luiz red card rescinded following challenge on Cheikhou Kouyate,AGAINST,72
21/22,Crystal Palace,Leeds,A,Nov. 30,Penalty awarded (scored by Raphinha) for handball against Marc Guehi,AGAINST,90
21/22,Crystal Palace,West Ham,H,Jan. 1,Penalty conceded (scored by Manuel Lanzini) for handball by Luka Milivojevic,AGAINST,45
21/22,Crystal Palace,Brighton,A,Jan. 14,Penalty awarded (missed by Pascal Gross) for foul on Joel Veltman by Will Hughes,AGAINST,34
21/22,Crystal Palace,Brighton,A,Jan. 14,Neal Maupay goal disallowed for a foul on Jack Butland,FOR,38
21/22,Crystal Palace,Liverpool,H,Jan. 23,Penalty awarded (scored by Fabinho) for a foul on Diogo Jota by Vicente Guaita,AGAINST,85
21/22,Crystal Palace,Chelsea,H,Feb. 19,Hakim Ziyech goal disallowed for offside against Romelu Lukaku in he build-up,FOR,75
21/22,Crystal Palace,Leicester,A,April 10,Penalty scored on the rebound by Wilfried Zaha after VAR ordered retake on initial penalty for encroaching by Caglar Soyuncu,FOR,66
21/22,Leeds,Everton,H,Aug. 21,Penalty awarded (scored by Dominic Calvert-Lewin) for foul on Calvert-Lewin by Liam Cooper,AGAINST,26
21/22,Leeds,West Ham,H,Sept. 25,Tomas Soucek goal ruled out for a foul on Illan Meslier by Michail Antonio,FOR,53
21/22,Leeds,Leicester,H,Nov. 7,Ademola Lookman goal ruled out for offside,FOR,67
21/22,Leeds,Crystal Palace,H,Nov. 30,Penalty awarded (scored by Raphinha) for handball against Marc Guehi,FOR,90
21/22,Leeds,Chelsea,A,Dec. 11,Penalty awarded (scored by Jorginho) for foul on Antonio Rudiger by Raphinha,AGAINST,55
21/22,Leeds,West Ham,A,Jan. 16,Rodrigo goal ruled out for offside on the goal-line,AGAINST,73
21/22,Leeds,Norwich,H,March 13,Penalty cancelled after Luke Ayling originally penalised for bringing down Milot Rashica,FOR,76
21/22,Leeds,Arsenal,A,May 8,Luke Ayling yellow card upgraded to red for challenge on Gabriel Martinelli,AGAINST,25
21/22,Leeds,Brentford,A,May 22,Joe Gelhardt goal disallowed for offside,AGAINST,19
21/22,Newcastle,West Ham,H,Aug. 15,Aaron Cresswell goal allowed after being originally ruled out for offside,AGAINST,18
21/22,Newcastle,Aston Villa,A,Aug. 21,Penalty conceded (scored by Anwar El Ghazi) for handball by Jamaal Lascelles,AGAINST,58
21/22,Newcastle,Aston Villa,A,Aug. 21,Penalty for Newcastle cancelled for offside in the build-up against Callum Wilson,AGAINST,76
21/22,Newcastle,Southampton,H,Aug. 28,Penalty awarded (scored by James Ward-Prowse) for foul by Jamaal Lascelles on Adam Armstrong,AGAINST,90
21/22,Newcastle,Tottenham,H,Oct. 17,Harry Kane goal allowed after being originally ruled out for offside,AGAINST,22
21/22,Newcastle,Crystal Palace,A,Oct. 23,Christian Benteke goal disallowed for foul by Marc Guehi on Ciaran Clark,FOR,87
21/22,Newcastle,Newcastle,H,Nov. 6,Penalty awarded (scored by Leandro Trossard) for foul on Trossard by Ciaran Clark,AGAINST,20
21/22,Newcastle,Newcastle,H,Nov. 6,Robert Sanchez sent off for DOGSO on Callum Wilson,FOR,90
21/22,Newcastle,Norwich,H,Nov. 30,Penalty awarded (scored by Callum Wilson) for handball against Billy Gilmour,FOR,57
21/22,Newcastle,Man City,H,Dec. 19,Riyad Mahrez goal allowed after being originally ruled out for offside,AGAINST,63
21/22,Newcastle,Aston Villa,H,Feb. 13,"Penalty for Calum Chambers' challenge on Joe Willock cancelled, outside area",AGAINST,32
21/22,Newcastle,Aston Villa,H,Feb. 13,Ollie Watkins goal ruled out for offside,FOR,61
21/22,Newcastle,Brentford,A,Feb. 26,Josh Dasilva sent off for challenge on Matt Targett,FOR,9
21/22,Newcastle,Everton,A,March 17,Allan sent off for challenge on Allan Saint-Maximin,FOR,80
21/22,Newcastle,Wolves,H,April 8,Chris Wood goal disallowed for offside against Bruno Guimaraes in the build-up,AGAINST,23
21/22,Newcastle,Leicester,H,April 17,Bruno Guimaraes goal allowed after being originally ruled out for a foul on goalkeeper Kasper Schmeichel,FOR,30
21/22,Newcastle,Burnley,A,May 22,Penalty awarded (scored by Callum Wilson) for handball by Nathan Collins,FOR,17
21/22,Manchester United,West Ham,A,Sept. 19,Penalty conceded (missed by Mark Noble) for handball by Luke Shaw,AGAINST,92
21/22,Manchester United,Everton,H,Oct. 2,Yerry Mina goal disallowed for offside,FOR,85
21/22,Manchester United,Liverpool,H,Oct. 24,Cristiano Ronaldo goal disallowed for offside,AGAINST,52
21/22,Manchester United,Liverpool,H,Oct. 24,Paul Pogba yellow card upgraded to red for challenge on Naby Keita,AGAINST,69
21/22,Manchester United,Watford,A,Nov. 20,Kiko Femenia goal disallowed after he encroached into the area to score a penalty rebound; Ismaila Sarr missed the retaken penalty,FOR,9
21/22,Manchester United,Arsenal,H,Dec. 2,Emile Smith Rowe goal allowed after VAR rules the ball had crossed the line before the referee's whistle was blown to stop play,AGAINST,13
21/22,Manchester United,Arsenal,H,Dec. 2,Penalty awarded (scored by Cristiano Ronaldo) for a foul by Martin Odegaard on Fred,FOR,68
21/22,Manchester United,Burnley,A,Feb. 8,Raphael Varane goal disallowed for offside against Harry Maguire,AGAINST,12
21/22,Manchester United,Brighton,H,Feb. 15,Lewis Dunk yellow card upgraded to red for denying a goal-scoring chance on Anthony Elanga,FOR,53
21/22,Manchester United,Man City,A,March 6,Riyad Mahrez goal allowed after incorrect offside,AGAINST,90
21/22,Manchester United,Leicester,H,Apr. 2,James Maddison goal disallowed for a foul in the build-up by Kelechi Iheanacho on Raphael Varane,FOR,80
21/22,Manchester United,Arsenal,A,April 23,Eddie Nketiah goal disallowed for offside,FOR,27
21/22,Manchester United,Arsenal,A,April 23,Penalty awarded (scored by Bukayo Saka) for a foul by Alex Telles on Saka,AGAINST,27
21/22,Manchester United,Brentford,H,May 2,Cristiano Ronaldo goal disallowed for offside,AGAINST,44
21/22,Wolves,Brentford,H,Sept. 18,"Ivan Toney goal which was originally ruled out for offside, was shown to be onside on review, but eventually ruled out on review for handball by the goal scorer",NEUTRAL,29
21/22,Wolves,Everton,H,Nov. 1,Hwang Hee-Chan goal disallowed for offside,AGAINST,15
21/22,Wolves,Crystal Palace,A,Nov. 6,Wilfried Zaha goal allowed after incorrect offside,AGAINST,61
21/22,Wolves,Crystal Palace,A,Nov. 6,Penalty cancelled as Joel Ward's challenge on Rayan Ait-Nouri was outside the box,AGAINST,69
21/22,Wolves,Southampton,H,Jan. 15,Penalty awarded (scored by Raul Jimenez) for foul by Jan Bednarek on Rayan Ait-Nouri,FOR,33
21/22,Wolves,Brentford,A,Jan. 22,Red card for Toti rescinded following challenge on Kristoffer Ajer,FOR,68
21/22,Wolves,Brentford,A,Jan. 22,Adama Traore goal disallowed for offside,AGAINST,90
21/22,Wolves,Newcastle,A,April 8,Chris Wood goal disallowed for offside against Bruno Guimaraes in the build-up,FOR,23
21/22,Wolves,Brighton,H,April 30,Penalty awarded (missed by Alexis Mac Allister) for handball by Romain Saiss,AGAINST,31
21/22,Wolves,Wolves,H,May 7,Ruben Loftus-Cheek goal disallowed for offside,FOR,38
21/22,Wolves,Wolves,H,May 7,Penalty awarded (scored by Romelu Lukaku) for foul on Lukaku by Romain Saiss,AGAINST,52
21/22,Everton,Leeds,A,Aug. 21,Penalty awarded (scored by Dominic Calvert-Lewin) for foul on Calvert-Lewin by Liam Cooper,FOR,26
21/22,Everton,Norwich,H,Sept. 25,Penalty awarded (scored by Andros Townsend) for foul on Allan by Ozan Kabak,FOR,25
21/22,Everton,Man United,A,Oct. 2,Yerry Mina goal disallowed for offside,AGAINST,85
21/22,Everton,Watford,H,Oct. 23,Josh King goal allowed after incorrect offside,AGAINST,13
21/22,Everton,Wolves,A,Nov. 1,Hwang Hee-Chan goal disallowed for offside,FOR,15
21/22,Everton,Tottenham,H,Nov. 7,Penalty cancelled with Hugo Lloris adjudged not to have fouled Richarlison,AGAINST,64
21/22,Everton,Tottenham,H,Nov. 7,Mason Holgate sent off for challenge on Pierre-Emile Hojbjerg,AGAINST,90
21/22,Everton,Man City,A,Nov. 21,Penalty cancelled after Michael Keane adjudged not to have fouled Raheem Sterling,FOR,35
21/22,Everton,Brentford,A,Nov. 28,Penalty awarded (scored by Ivan Toney) for foul on Frank Onyeka by Andros Townsend,AGAINST,20
21/22,Everton,Arsenal,H,Dec. 6,Richarlison goal disallowed for offside,AGAINST,44
21/22,Everton,Arsenal,H,Dec. 6,Richarlison goal disallowed for offside,AGAINST,57
21/22,Everton,Brighton,H,Jan. 2,Penalty awarded (missed by Dominic Calvert-Lewin) for foul on Anthony Gordon by Enock Mwepu,FOR,22
21/22,Everton,Newcastle,H,March 17,Allan sent off for challenge on Allan Saint-Maximin,AGAINST,80
21/22,Everton,Burnley,A,Apr. 6,Penalty awarded (scored by Richarlison) for foul by Aaron Lennon on Vitalii Mykolenko,FOR,38
21/22,Everton,Arsenal,A,May 22,Penalty awarded (scored by Gabriel Martinelli) for handball by Alex Iwobi,AGAINST,23
21/22,Burnley,Liverpool,A,Aug. 21,Mohamed Salah goal disallowed for offside,FOR,26
21/22,Burnley,Arsenal,H,Sept. 18,Penalty cancelled after Aaron Ramsdale originally penalised for bringing down Matej Vydra,AGAINST,69
21/22,Burnley,Leicester,A,Sept. 25,Chris Wood goal disallowed for offside,AGAINST,90
21/22,Burnley,Brentford,H,Oct. 30,Maxwel Cornet goal disallowed for offside in the build-up against Chris Wood,AGAINST,15
21/22,Burnley,Man United,H,Feb. 8,Raphael Varane goal disallowed for offside against Harry Maguire,FOR,12
21/22,Burnley,Everton,H,Apr. 6,Penalty awarded (scored by Richarlison) for foul by Aaron Lennon on Vitalii Mykolenko,AGAINST,38
21/22,Burnley,Southampton,H,April 21,Jack Cork goal disallowed for offside,AGAINST,63
21/22,Burnley,Watford,A,April 30,Penalty overturned as Moussa Sissoko's challenge on Dwight McNeil outside the area,AGAINST,27
21/22,Burnley,Tottenham,A,May 15,Penalty awarded (scored by Harry Kane) for handball by Ashley Barnes,AGAINST,45
21/22,Burnley,Newcastle,H,May 22,Penalty awarded (scored by Callum Wilson) for handball by Nathan Collins,AGAINST,17
21/22,Leicester City,West Ham,A,Aug. 23,Ayoze Perez sent off for challenge on Pablo Fornals,AGAINST,38
21/22,Leicester City,Norwich,A,Aug. 28,Penalty awarded (scored by Teemu Pukki) for foul on Pierre Lees-Melou by Caglar Soyuncu,AGAINST,40
21/22,Leicester City,Burnley,H,Sept. 25,Chris Wood goal disallowed for offside,FOR,90
21/22,Leicester City,Leeds,A,Nov. 7,Ademola Lookman goal ruled out for offside,AGAINST,67
21/22,Leicester City,Aston Villa,A,Dec. 5,Jacob Ramsey goal disallowed for kicking the ball from the possession of Kasper Schmeichel,FOR,45
21/22,Leicester City,Man City,A,Dec. 26,Penalty awarded (scored by Riyad Mahrez) for foul on Aymeric Laporte by Youri Tielemans,AGAINST,12
21/22,Leicester City,Arsenal,A,March 13,Penalty awarded (scored by Alexandre Lacazette) for handball by Caglar Soyuncu,AGAINST,55
21/22,Leicester City,Man United,A,Apr. 2,James Maddison goal disallowed for a foul in the build-up by Kelechi Iheanacho on Raphael Varane,AGAINST,80
21/22,Leicester City,Crystal Palace,H,April 10,Penalty scored on the rebound by Wilfried Zaha after VAR ordered retake on initial penalty for encroaching by Caglar Soyuncu,AGAINST,66
21/22,Leicester City,Newcastle,A,April 17,Bruno Guimaraes goal allowed after being originally ruled out for a foul on goalkeeper Kasper Schmeichel,AGAINST,30
21/22,Norwich,Man City,A,Aug. 21,Ferran Torres goal ruled out for foul by Bernardo Silva on Milot Rashica in build-up,FOR,15
21/22,Norwich,Leicester,H,Aug. 28,Penalty awarded (scored by Teemu Pukki) for foul on Pierre Lees-Melou by Caglar Soyuncu,FOR,40
21/22,Norwich,Watford,H,Sept. 18,Ismaila Sarr goal allowed after being initially ruled out for offside against Josh King,AGAINST,80
21/22,Norwich,Everton,A,Sept. 25,Penalty awarded (scored by Andros Townsend) for foul on Allan by Ozan Kabak,AGAINST,25
21/22,Norwich,Chelsea,A,Oct. 23,Penalty awarded (missed by Mason Mount) after handball by Mathias Normann,AGAINST,83
21/22,Norwich,Chelsea,A,Oct. 23,Penalty retake ordered (scored by Mason Mount) after encroachment by Tim Krul,AGAINST,85
21/22,Norwich,Brentford,A,Nov. 6,Bryan Mbeumo goal disallowed for offside,FOR,49
21/22,Norwich,Newcastle,A,Nov. 30,Penalty awarded (scored by Callum Wilson) for handball against Billy Gilmour,AGAINST,57
21/22,Norwich,West Ham,A,Jan. 12,Jarrod Bowen goal allowed after being originally ruled out for offside,AGAINST,82
21/22,Norwich,Norwich,A,March 5,Penalty awarded (scored by Ivan Toney) for foul on Pontus Jansson by Ben Gibson,AGAINST,49
21/22,Norwich,Norwich,A,March 5,Milot Rashica goal disallowed for offside in the build-up against Teemu Pukki,AGAINST,67
21/22,Norwich,Norwich,A,March 5,Bryan Mbeumo goal disallowed for offside in the build-up against Ethan Pinnock,FOR,76
21/22,Norwich,Chelsea,H,March 10,Penalty awarded (scored by Teemu Pukki) for handball against Trevoh Chalobah,FOR,67
21/22,Norwich,Leeds,A,March 13,Penalty cancelled after Luke Ayling originally penalised for bringing down Milot Rashica,AGAINST,76
21/22,Norwich,West Ham,H,May 8,Sam Byram goal ruled out for handball,AGAINST,47
21/22,Norwich,West Ham,H,May 8,Penalty awarded (scored by Manuel Lanzini) for handball by Jacob Sorensen,AGAINST,62
